熟語,意味,ジャンル
一右,意味なし,none
一雨,意味なし,none
一円,いちえん,number
一王,意味なし,none
一音,意味なし,none
一下,いっか/一度に,general
一火,意味なし,none
一花,意味なし,none
一貝,意味なし,none
一学,意味なし,none
一気,いっき,general
一九,意味なし,none
一休,ひとやすみ,general
一玉,意味なし,none
一金,意味なし,none
一空,意味なし,none
一月,いちがつ,number
一犬,意味なし,none
一見,いっけん,general
一五,意味なし,none
一口,ひとくち,number
一校,意味なし,none
一左,意味なし,none
一三,意味なし,none
一山,ひとやま,general
一子,意味なし,none
一四,意味なし,none
一糸,意味なし,none
一字,意味なし,none
一耳,意味なし,none
一七,意味なし,none
一車,意味なし,none
一手,ひとて,number
一十,意味なし,none
一出,意味なし,none
一女,意味なし,none
一小,意味なし,none
一上,意味なし,none
一森,意味なし,none
一人,ひとり,number
一水,意味なし,none
一正,意味なし,none
一生,いっしょう,number
一青,意味なし,none
一夕,意味なし,none
一石,いっせき,general
一赤,意味なし,none
一千,いっせん,number
一川,意味なし,none
一先,意味なし,none
一早,意味なし,none
一草,意味なし,none
一足,意味なし,none
一村,いっそん,general
一大,いちだい,general
一男,意味なし,none
一竹,意味なし,none
一中,いっちゅう,general
一虫,意味なし,none
一町,意味なし,none
一天,いってん,general
一田,意味なし,none
一土,意味なし,none
一二,いちに,number
一日,ついたち・いちにち,number
一入,ひとしお,general
一年,いちねん,number
一白,いっぱく,general
一八,いっぱち,number
一百,いっぴゃく,number
一文,いちもん,number
一木,意味なし,none
一本,いっぽん,number
一名,いちめい,number
一目,ひとめ,number
一立,いちりつ,general
一力,いちりき,general
一林,意味なし,none
一六,いちろく,number
右一,意味なし,none
右雨,意味なし,none
右円,意味なし,none
右王,意味なし,none
右音,意味なし,none
右下,意味なし,none
右火,意味なし,none
右花,意味なし,none
右貝,意味なし,none
右学,意味なし,none
右気,意味なし,none
右九,意味なし,none
右休,意味なし,none
右玉,意味なし,none
右金,意味なし,none
右空,意味なし,none
右月,意味なし,none
右犬,意味なし,none
右見,意味なし,none
右五,意味なし,none
右口,意味なし,none
右校,意味なし,none
右左,みぎひだり,general
右三,意味なし,none
右山,みぎやま,general
右子,意味なし,none
右四,意味なし,none
右糸,意味なし,none
右字,意味なし,none
右耳,みぎみみ,general
右七,意味なし,none
右車,意味なし,none
右手,みぎて,general
右十,意味なし,none
右出,意味なし,none
右女,意味なし,none
右小,意味なし,none
右上,意味なし,none
右森,意味なし,none
右人,意味なし,none
右水,意味なし,none
右正,意味なし,none
右生,意味なし,none
右青,意味なし,none
右夕,意味なし,none
右石,意味なし,none
右赤,意味なし,none
右千,意味なし,none
右川,意味なし,none
右先,意味なし,none
右早,意味なし,none
右草,意味なし,none
右足,みぎあし,general
右村,意味なし,none
右大,意味なし,none
右男,意味なし,none
右竹,意味なし,none
右中,意味なし,none
右虫,意味なし,none
右町,意味なし,none
右天,意味なし,none
右田,意味なし,none
右土,意味なし,none
右二,意味なし,none
右日,意味なし,none
右入,意味なし,none
右年,意味なし,none
右白,意味なし,none
右八,意味なし,none
右百,意味なし,none
右文,意味なし,none
右木,意味なし,none
右本,意味なし,none
右名,意味なし,none
右目,みぎめ,general
右立,意味なし,none
右力,意味なし,none
右林,意味なし,none
右六,意味なし,none
雨一,意味なし,none
雨右,意味なし,none
雨円,意味なし,none
雨王,意味なし,none
雨音,あまおと,general
雨下,うか,general
雨火,意味なし,none
雨花,うか,general
雨貝,意味なし,none
雨学,意味なし,none
雨気,意味なし,none
雨九,意味なし,none
雨休,意味なし,none
雨玉,意味なし,none
雨金,意味なし,none
雨空,あまぞら,general
雨月,意味なし,none
雨犬,意味なし,none
雨見,意味なし,none
雨五,意味なし,none
雨口,意味なし,none
雨校,意味なし,none
雨左,意味なし,none
雨三,意味なし,none
雨山,意味なし,none
雨子,意味なし,none
雨四,意味なし,none
雨糸,意味なし,none
雨字,意味なし,none
雨耳,意味なし,none
雨七,意味なし,none
雨車,意味なし,none
雨手,意味なし,none
雨十,意味なし,none
雨出,意味なし,none
雨女,意味なし,none
雨小,意味なし,none
雨上,あまあがり,general
雨森,意味なし,none
雨人,意味なし,none
雨水,あまみず,general
雨正,意味なし,none
雨生,意味なし,none
雨青,意味なし,none
雨夕,意味なし,none
雨石,意味なし,none
雨赤,意味なし,none
雨千,意味なし,none
雨川,意味なし,none
雨先,意味なし,none
雨早,意味なし,none
雨草,意味なし,none
雨足,あまあし,general
雨村,意味なし,none
雨大,意味なし,none
雨男,意味なし,none
雨竹,意味なし,none
雨中,うちゅう,general
雨虫,意味なし,none
雨町,意味なし,none
雨天,うてん,general
雨田,意味なし,none
雨土,意味なし,none
雨二,意味なし,none
雨日,意味なし,none
雨入,意味なし,none
雨年,意味なし,none
雨白,意味なし,none
雨八,意味なし,none
雨百,意味なし,none
雨文,意味なし,none
雨木,意味なし,none
雨本,意味なし,none
雨名,意味なし,none
雨目,意味なし,none
雨立,意味なし,none
雨力,意味なし,none
雨林,意味なし,none
雨六,意味なし,none
円一,意味なし,none
円右,意味なし,none
円雨,意味なし,none
円王,意味なし,none
円音,意味なし,none
円下,意味なし,none
円火,意味なし,none
円花,意味なし,none
円貝,意味なし,none
円学,意味なし,none
円気,意味なし,none
円九,意味なし,none
円休,意味なし,none
円玉,えんだま,general
円金,意味なし,none
円空,意味なし,none
円月,意味なし,none
円犬,意味なし,none
円見,意味なし,none
円五,意味なし,none
円口,意味なし,none
円校,意味なし,none
円左,意味なし,none
円三,意味なし,none
円山,まるやま,surname
円子,意味なし,none
円四,意味なし,none
円糸,意味なし,none
円字,意味なし,none
円耳,意味なし,none
円七,意味なし,none
円車,意味なし,none
円手,意味なし,none
円十,意味なし,none
円出,意味なし,none
円女,意味なし,none
円小,意味なし,none
円上,意味なし,none
円森,意味なし,none
円人,意味なし,none
円水,意味なし,none
円正,意味なし,none
円生,意味なし,none
円青,意味なし,none
円夕,意味なし,none
円石,意味なし,none
円赤,意味なし,none
円千,意味なし,none
円川,意味なし,none
円先,意味なし,none
円早,意味なし,none
円草,意味なし,none
円足,意味なし,none
円村,意味なし,none
円大,意味なし,none
円男,意味なし,none
円竹,意味なし,none
円中,意味なし,none
円虫,意味なし,none
円町,意味なし,none
円天,意味なし,none
円田,意味なし,none
円土,意味なし,none
円二,意味なし,none
円日,意味なし,none
円入,意味なし,none
円年,意味なし,none
円白,意味なし,none
円八,意味なし,none
円百,意味なし,none
円文,意味なし,none
円木,意味なし,none
円本,意味なし,none
円名,意味なし,none
円目,意味なし,none
円立,意味なし,none
円力,意味なし,none
円林,意味なし,none
円六,意味なし,none
王一,意味なし,none
王右,意味なし,none
王雨,意味なし,none
王円,意味なし,none
王音,意味なし,none
王下,意味なし,none
王火,意味なし,none
王花,意味なし,none
王貝,意味なし,none
王学,意味なし,none
王気,意味なし,none
王九,意味なし,none
王休,意味なし,none
王玉,意味なし,none
王金,おうごん,general
王空,意味なし,none
王月,意味なし,none
王犬,意味なし,none
王見,意味なし,none
王五,意味なし,none
王口,意味なし,none
王校,意味なし,none
王左,意味なし,none
王三,意味なし,none
王山,意味なし,none
王子,おうじ,general
王四,意味なし,none
王糸,意味なし,none
王字,意味なし,none
王耳,意味なし,none
王七,意味なし,none
王車,意味なし,none
王手,おうて/将棋,general
王十,意味なし,none
王出,意味なし,none
王女,おうじょ,general
王小,意味なし,none
王上,意味なし,none
王森,意味なし,none
王人,意味なし,none
王水,意味なし,none
王正,意味なし,none
王生,意味なし,none
王青,意味なし,none
王夕,意味なし,none
王石,意味なし,none
王赤,意味なし,none
王千,意味なし,none
王川,意味なし,none
王先,意味なし,none
王早,意味なし,none
王草,意味なし,none
王足,意味なし,none
王村,意味なし,none
王大,意味なし,none
王男,意味なし,none
王竹,意味なし,none
王中,意味なし,none
王虫,意味なし,none
王町,意味なし,none
王天,意味なし,none
王田,意味なし,none
王土,意味なし,none
王二,意味なし,none
王日,意味なし,none
王入,意味なし,none
王年,意味なし,none
王白,意味なし,none
王八,意味なし,none
王百,意味なし,none
王文,意味なし,none
王木,意味なし,none
王本,意味なし,none
王名,意味なし,none
王目,意味なし,none
王立,おうりつ,general
王力,意味なし,none
王林,意味なし,none
王六,意味なし,none
音一,意味なし,none
音右,意味なし,none
音雨,意味なし,none
音円,意味なし,none
音王,意味なし,none
音下,意味なし,none
音火,おんか,general
音花,意味なし,none
音貝,意味なし,none
音学,意味なし,none
音気,意味なし,none
音九,意味なし,none
音休,意味なし,none
音玉,意味なし,none
音金,おんきん,general
音空,意味なし,none
音月,意味なし,none
音犬,意味なし,none
音見,意味なし,none
音五,意味なし,none
音口,意味なし,none
音校,意味なし,none
音左,意味なし,none
音三,意味なし,none
音山,おとやま,surname
音子,意味なし,none
音四,意味なし,none
音糸,意味なし,none
音字,意味なし,none
音耳,意味なし,none
音七,意味なし,none
音車,意味なし,none
音手,意味なし,none
音十,意味なし,none
音出,意味なし,none
音女,意味なし,none
音小,意味なし,none
音上,意味なし,none
音森,意味なし,none
音人,意味なし,none
音水,おんすい,general
音正,意味なし,none
音生,意味なし,none
音青,意味なし,none
音夕,意味なし,none
音石,意味なし,none
音赤,意味なし,none
音千,意味なし,none
音川,おとかわ,surname
音先,意味なし,none
音早,意味なし,none
音草,意味なし,none
音足,意味なし,none
音村,意味なし,none
音大,おんだい/音楽大学,general
音男,意味なし,none
音竹,意味なし,none
音中,意味なし,none
音虫,意味なし,none
音町,意味なし,none
音天,意味なし,none
音田,おとだ,surname
音土,意味なし,none
音二,意味なし,none
音日,意味なし,none
音入,意味なし,none
音年,意味なし,none
音白,意味なし,none
音八,意味なし,none
音百,意味なし,none
音文,意味なし,none
音木,意味なし,none
音本,意味なし,none
音名,意味なし,none
音目,意味なし,none
音立,意味なし,none
音力,意味なし,none
音林,意味なし,none
音六,意味なし,none
下一,意味なし,none
下右,意味なし,none
下雨,意味なし,none
下円,意味なし,none
下王,意味なし,none
下音,意味なし,none
下火,したび,general
下花,意味なし,none
下貝,意味なし,none
下学,かがく,general
下気,意味なし,none
下九,意味なし,none
下休,意味なし,none
下玉,意味なし,none
下金,したがね,general
下空,意味なし,none
下月,意味なし,none
下犬,意味なし,none
下見,意味なし,none
下五,意味なし,none
下口,意味なし,none
下校,げこう,general
下左,意味なし,none
下三,意味なし,none
下山,げざん,general
下子,意味なし,none
下四,意味なし,none
下糸,意味なし,none
下字,意味なし,none
下耳,意味なし,none
下七,意味なし,none
下車,げしゃ,general
下手,へた・したて,general
下十,意味なし,none
下出,かしゅつ,general
下女,げじょ,general
下小,意味なし,none
下上,意味なし,none
下森,意味なし,none
下人,げにん,general
下水,げすい,general
下正,意味なし,none
下生,意味なし,none
下青,意味なし,none
下夕,意味なし,none
下石,意味なし,none
下赤,意味なし,none
下千,意味なし,none
下川,意味なし,none
下先,意味なし,none
下早,意味なし,none
下草,意味なし,none
下足,げそく/くつ,general
下村,意味なし,none
下大,意味なし,none
下男,げなん,general
下竹,意味なし,none
下中,かちゅう,general
下虫,意味なし,none
下町,したまち,general
下天,意味なし,none
下田,しもだ,surname
下土,意味なし,none
下二,意味なし,none
下日,意味なし,none
下入,意味なし,none
下年,意味なし,none
下白,意味なし,none
下八,意味なし,none
下百,意味なし,none
下文,意味なし,none
下木,意味なし,none
下本,意味なし,none
下名,意味なし,none
下目,しため,general
下立,意味なし,none
下力,意味なし,none
下林,意味なし,none
下六,意味なし,none
火一,意味なし,none
火右,意味なし,none
火雨,意味なし,none
火円,意味なし,none
火王,意味なし,none
火音,意味なし,none
火下,意味なし,none
火花,ひばな,general
火貝,意味なし,none
火学,意味なし,none
火気,かき,general
火九,意味なし,none
火休,かきゅう,general
火玉,ひだま,general
火金,かきん/火曜金曜,general
火空,意味なし,none
火月,意味なし,none
火犬,意味なし,none
火見,意味なし,none
火五,意味なし,none
火口,かこう,general
火校,意味なし,none
火左,意味なし,none
火三,意味なし,none
火山,かざん,general
火子,意味なし,none
火四,意味なし,none
火糸,意味なし,none
火字,意味なし,none
火耳,意味なし,none
火七,意味なし,none
火車,意味なし,none
火手,意味なし,none
火十,意味なし,none
火出,意味なし,none
火女,意味なし,none
火小,意味なし,none
火上,意味なし,none
火森,意味なし,none
火人,意味なし,none
火水,かすい,general
火正,意味なし,none
火生,意味なし,none
火青,意味なし,none
火夕,意味なし,none
火石,意味なし,none
火赤,意味なし,none
火千,意味なし,none
火川,意味なし,none
火先,意味なし,none
火早,意味なし,none
火草,意味なし,none
火足,意味なし,none
火村,意味なし,none
火大,意味なし,none
火男,意味なし,none
火竹,意味なし,none
火中,かちゅう,general
火虫,意味なし,none
火町,意味なし,none
火天,かてん,general
火田,かでん,general
火土,かど/火曜土曜,general
火二,意味なし,none
火日,かじつ,general
火入,ひいれ,general
火年,意味なし,none
火白,意味なし,none
火八,意味なし,none
火百,意味なし,none
火文,意味なし,none
火木,かもく/火曜木曜,general
火本,意味なし,none
火名,意味なし,none
火目,意味なし,none
火立,意味なし,none
火力,かりょく,general
火林,意味なし,none
火六,意味なし,none
花一,意味なし,none
花右,意味なし,none
花雨,かう,general
花円,意味なし,none
花王,意味なし,none
花音,意味なし,none
花下,意味なし,none
花火,はなび,general
花貝,意味なし,none
花学,意味なし,none
花気,意味なし,none
花九,意味なし,none
花休,意味なし,none
花玉,意味なし,none
花金,はなきん/花の金曜,general
花空,意味なし,none
花月,かげつ,general
花犬,意味なし,none
花見,はなみ,general
花五,意味なし,none
花口,意味なし,none
花校,意味なし,none
花左,意味なし,none
花三,意味なし,none
花山,かざん,surname
花子,意味なし,none
花四,意味なし,none
花糸,意味なし,none
花字,意味なし,none
花耳,意味なし,none
花七,意味なし,none
花車,意味なし,none
花手,意味なし,none
花十,意味なし,none
花出,意味なし,none
花女,意味なし,none
花小,意味なし,none
花上,意味なし,none
花森,意味なし,none
花人,かじん,general
花水,はなみず,general
花正,意味なし,none
花生,かせい,general
花青,意味なし,none
花夕,意味なし,none
花石,意味なし,none
花赤,意味なし,none
花千,意味なし,none
花川,はなかわ,surname
花先,意味なし,none
花早,意味なし,none
花草,かそう,general
花足,意味なし,none
花村,はなむら,surname
花大,意味なし,none
花男,意味なし,none
花竹,意味なし,none
花中,はななか,surname
花虫,意味なし,none
花町,意味なし,none
花天,かてん,general
花田,はなだ,surname
花土,意味なし,none
花二,意味なし,none
花日,意味なし,none
花入,意味なし,none
花年,意味なし,none
花白,意味なし,none
花八,意味なし,none
花百,意味なし,none
花文,かもん,general
花木,かぼく,general
花本,はなもと,surname
花名,意味なし,none
花目,意味なし,none
花立,意味なし,none
花力,意味なし,none
花林,意味なし,none
花六,意味なし,none
貝一,意味なし,none
貝右,意味なし,none
貝雨,意味なし,none
貝円,意味なし,none
貝王,意味なし,none
貝音,意味なし,none
貝下,意味なし,none
貝火,かいび,general
貝花,意味なし,none
貝学,意味なし,none
貝気,意味なし,none
貝九,意味なし,none
貝休,意味なし,none
貝玉,意味なし,none
貝金,意味なし,none
貝空,意味なし,none
貝月,意味なし,none
貝犬,意味なし,none
貝見,意味なし,none
貝五,意味なし,none
貝口,意味なし,none
貝校,意味なし,none
貝左,意味なし,none
貝三,意味なし,none
貝山,かいやま,surname
貝子,意味なし,none
貝四,意味なし,none
貝糸,意味なし,none
貝字,意味なし,none
貝耳,意味なし,none
貝七,意味なし,none
貝車,意味なし,none
貝手,意味なし,none
貝十,意味なし,none
貝出,意味なし,none
貝女,意味なし,none
貝小,意味なし,none
貝上,意味なし,none
貝森,意味なし,none
貝人,意味なし,none
貝水,意味なし,none
貝正,意味なし,none
貝生,意味なし,none
貝青,意味なし,none
貝夕,意味なし,none
貝石,意味なし,none
貝赤,意味なし,none
貝千,意味なし,none
貝川,かいかわ,surname
貝先,意味なし,none
貝早,意味なし,none
貝草,意味なし,none
貝足,意味なし,none
貝村,意味なし,none
貝大,意味なし,none
貝男,意味なし,none
貝竹,意味なし,none
貝中,意味なし,none
貝虫,意味なし,none
貝町,意味なし,none
貝天,意味なし,none
貝田,かいだ,surname
貝土,意味なし,none
貝二,意味なし,none
貝日,意味なし,none
貝入,意味なし,none
貝年,意味なし,none
貝白,意味なし,none
貝八,意味なし,none
貝百,意味なし,none
貝文,意味なし,none
貝木,意味なし,none
貝本,意味なし,none
貝名,意味なし,none
貝目,かいめ,general
貝立,意味なし,none
貝力,意味なし,none
貝林,意味なし,none
貝六,意味なし,none
学一,意味なし,none
学右,意味なし,none
学雨,意味なし,none
学円,意味なし,none
学王,意味なし,none
学音,意味なし,none
学下,意味なし,none
学火,意味なし,none
学花,意味なし,none
学貝,意味なし,none
学気,意味なし,none
学九,意味なし,none
学休,がっきゅう,general
学玉,意味なし,none
学金,意味なし,none
学空,意味なし,none
学月,意味なし,none
学犬,意味なし,none
学見,意味なし,none
学五,意味なし,none
学口,意味なし,none
学校,がっこう,general
学左,意味なし,none
学三,意味なし,none
学山,がくざん,general
学子,意味なし,none
学四,意味なし,none
学糸,意味なし,none
学字,意味なし,none
学耳,意味なし,none
学七,意味なし,none
学車,意味なし,none
学手,意味なし,none
学十,意味なし,none
学出,意味なし,none
学女,意味なし,none
学小,意味なし,none
学上,意味なし,none
学森,意味なし,none
学人,がくじん,general
学水,意味なし,none
学正,意味なし,none
学生,がくせい,general
学青,意味なし,none
学夕,意味なし,none
学石,意味なし,none
学赤,意味なし,none
学千,意味なし,none
学川,意味なし,none
学先,意味なし,none
学早,意味なし,none
学草,意味なし,none
学足,意味なし,none
学村,意味なし,none
学大,意味なし,none
学男,意味なし,none
学竹,意味なし,none
学中,意味なし,none
学虫,意味なし,none
学町,意味なし,none
学天,意味なし,none
学田,がくでん,general
学土,意味なし,none
学二,意味なし,none
学日,意味なし,none
学入,意味なし,none
学年,がくねん,general
学白,意味なし,none
学八,意味なし,none
学百,意味なし,none
学文,がくぶん,general
学木,意味なし,none
学本,意味なし,none
学名,がくめい,general
学目,意味なし,none
学立,意味なし,none
学力,がくりょく,general
学林,意味なし,none
学六,意味なし,none
気一,意味なし,none
気右,意味なし,none
気雨,意味なし,none
気円,意味なし,none
気王,意味なし,none
気音,意味なし,none
気下,意味なし,none
気火,きか,general
気花,意味なし,none
気貝,意味なし,none
気学,意味なし,none
気九,意味なし,none
気休,きやすめ,general
気玉,意味なし,none
気金,意味なし,none
気空,きくう,general
気月,意味なし,none
気犬,意味なし,none
気見,意味なし,none
気五,意味なし,none
気口,意味なし,none
気校,意味なし,none
気左,意味なし,none
気三,意味なし,none
気山,きやま,surname
気子,意味なし,none
気四,意味なし,none
気糸,意味なし,none
気字,意味なし,none
気耳,意味なし,none
気七,意味なし,none
気車,意味なし,none
気手,意味なし,none
気十,意味なし,none
気出,意味なし,none
気女,意味なし,none
気小,意味なし,none
気上,意味なし,none
気森,意味なし,none
気人,きじん,general
気水,きすい,general
気正,意味なし,none
気生,意味なし,none
気青,意味なし,none
気夕,意味なし,none
気石,意味なし,none
気赤,意味なし,none
気千,意味なし,none
気川,意味なし,none
気先,意味なし,none
気早,意味なし,none
気草,意味なし,none
気足,意味なし,none
気村,意味なし,none
気大,意味なし,none
気男,意味なし,none
気竹,意味なし,none
気中,意味なし,none
気虫,意味なし,none
気町,意味なし,none
気天,きてん,general
気田,きだ,surname
気土,きど,general
気二,意味なし,none
気日,意味なし,none
気入,意味なし,none
気年,意味なし,none
気白,意味なし,none
気八,意味なし,none
気百,意味なし,none
気文,意味なし,none
気木,意味なし,none
気本,きほん,general
気名,意味なし,none
気目,意味なし,none
気立,きだて,general
気力,きりょく,general
気林,意味なし,none
気六,意味なし,none
九一,意味なし,none
九右,意味なし,none
九雨,意味なし,none
九円,意味なし,none
九王,意味なし,none
九音,意味なし,none
九下,意味なし,none
九火,意味なし,none
九花,意味なし,none
九貝,意味なし,none
九学,意味なし,none
九気,意味なし,none
九休,意味なし,none
九玉,意味なし,none
九金,意味なし,none
九空,意味なし,none
九月,くがつ,number
九犬,意味なし,none
九見,意味なし,none
九五,意味なし,none
九口,意味なし,none
九校,意味なし,none
九左,意味なし,none
九三,意味なし,none
九山,意味なし,none
九子,意味なし,none
九四,意味なし,none
九糸,意味なし,none
九字,意味なし,none
九耳,意味なし,none
九七,意味なし,none
九車,意味なし,none
九手,意味なし,none
九十,きゅうじゅう,number
九出,意味なし,none
九女,意味なし,none
九小,意味なし,none
九上,意味なし,none
九森,意味なし,none
九人,きゅうにん,number
九水,意味なし,none
九正,意味なし,none
九生,意味なし,none
九青,意味なし,none
九夕,意味なし,none
九石,意味なし,none
九赤,意味なし,none
九千,きゅうせん,number
九川,意味なし,none
九先,意味なし,none
九早,意味なし,none
九草,意味なし,none
九足,意味なし,none
九村,意味なし,none
九大,意味なし,none
九男,意味なし,none
九竹,意味なし,none
九中,意味なし,none
九虫,意味なし,none
九町,意味なし,none
九天,意味なし,none
九田,意味なし,none
九土,意味なし,none
九二,意味なし,none
九日,ここのか,number
九入,意味なし,none
九年,意味なし,none
九白,意味なし,none
九八,意味なし,none
九百,きゅうひゃく,number
九文,意味なし,none
九木,意味なし,none
九本,意味なし,none
九名,意味なし,none
九目,意味なし,none
九立,意味なし,none
九力,意味なし,none
九林,意味なし,none
九六,意味なし,none
休一,意味なし,none
休右,意味なし,none
休雨,意味なし,none
休円,意味なし,none
休王,意味なし,none
休音,意味なし,none
休下,意味なし,none
休火,きゅうか/休火山,general
休花,意味なし,none
休貝,意味なし,none
休学,きゅうがく,general
休気,意味なし,none
休九,意味なし,none
休玉,意味なし,none
休金,意味なし,none
休空,意味なし,none
休月,意味なし,none
休犬,意味なし,none
休見,意味なし,none
休五,意味なし,none
休口,意味なし,none
休校,きゅうこう,general
休左,意味なし,none
休三,意味なし,none
休山,きゅうざん,general
休子,意味なし,none
休四,意味なし,none
休糸,意味なし,none
休字,意味なし,none
休耳,意味なし,none
休七,意味なし,none
休車,意味なし,none
休手,意味なし,none
休十,意味なし,none
休出,意味なし,none
休女,意味なし,none
休小,意味なし,none
休上,意味なし,none
休森,意味なし,none
休人,意味なし,none
休水,きゅうすい,general
休正,意味なし,none
休生,意味なし,none
休青,意味なし,none
休夕,意味なし,none
休石,意味なし,none
休赤,意味なし,none
休千,意味なし,none
休川,意味なし,none
休先,意味なし,none
休早,意味なし,none
休草,意味なし,none
休足,きゅうそく,general
休村,意味なし,none
休大,意味なし,none
休男,意味なし,none
休竹,意味なし,none
休中,意味なし,none
休虫,意味なし,none
休町,意味なし,none
休天,意味なし,none
休田,きゅうでん,general
休土,意味なし,none
休二,意味なし,none
休日,きゅうじつ,general
休入,意味なし,none
休年,意味なし,none
休白,意味なし,none
休八,意味なし,none
休百,意味なし,none
休文,意味なし,none
休木,意味なし,none
休本,意味なし,none
休名,意味なし,none
休目,意味なし,none
休立,意味なし,none
休力,意味なし,none
休林,意味なし,none
休六,意味なし,none
玉一,意味なし,none
玉右,意味なし,none
玉雨,意味なし,none
玉円,意味なし,none
玉王,意味なし,none
玉音,意味なし,none
玉下,意味なし,none
玉火,たまび,general
玉花,意味なし,none
玉貝,意味なし,none
玉学,意味なし,none
玉気,たまき,general
玉九,意味なし,none
玉休,意味なし,none
玉金,ぎょっきん,general
玉空,意味なし,none
玉月,意味なし,none
玉犬,意味なし,none
玉見,意味なし,none
玉五,意味なし,none
玉口,意味なし,none
玉校,意味なし,none
玉左,意味なし,none
玉三,意味なし,none
玉山,たまやま,surname
玉子,意味なし,none
玉四,意味なし,none
玉糸,意味なし,none
玉字,意味なし,none
玉耳,意味なし,none
玉七,意味なし,none
玉車,意味なし,none
玉手,意味なし,none
玉十,意味なし,none
玉出,意味なし,none
玉女,意味なし,none
玉小,意味なし,none
玉上,意味なし,none
玉森,意味なし,none
玉人,意味なし,none
玉水,たまみず,general
玉正,意味なし,none
玉生,意味なし,none
玉青,意味なし,none
玉夕,意味なし,none
玉石,ぎょくせき,general
玉赤,意味なし,none
玉千,意味なし,none
玉川,たまがわ,surname
玉先,意味なし,none
玉早,意味なし,none
玉草,意味なし,none
玉足,意味なし,none
玉村,たまむら,surname
玉大,意味なし,none
玉男,意味なし,none
玉竹,意味なし,none
玉中,意味なし,none
玉虫,たまむし,general
玉町,意味なし,none
玉天,意味なし,none
玉田,たまだ,surname
玉土,意味なし,none
玉二,意味なし,none
玉日,意味なし,none
玉入,たまいれ,general
玉年,意味なし,none
玉白,意味なし,none
玉八,意味なし,none
玉百,意味なし,none
玉文,ぎょくぶん,general
玉木,たまき,surname
玉本,意味なし,none
玉名,意味なし,none
玉目,たまめ,general
玉立,意味なし,none
玉力,意味なし,none
玉林,意味なし,none
玉六,意味なし,none
金一,意味なし,none
金右,意味なし,none
金雨,意味なし,none
金円,意味なし,none
金王,意味なし,none
金音,意味なし,none
金下,意味なし,none
金火,きんか,general
金花,意味なし,none
金貝,かながい,general
金学,意味なし,none
金気,かなけ,general
金九,意味なし,none
金休,意味なし,none
金玉,きんぎょく,general
金空,意味なし,none
金月,意味なし,none
金犬,意味なし,none
金見,意味なし,none
金五,意味なし,none
金口,きんこう,general
金校,意味なし,none
金左,意味なし,none
金三,意味なし,none
金山,きんざん・かなやま,general
金子,かねこ,surname
金四,意味なし,none
金糸,きんし,general
金字,きんじ,general
金耳,きんじ,general
金七,意味なし,none
金車,意味なし,none
金手,意味なし,none
金十,意味なし,none
金出,意味なし,none
金女,意味なし,none
金小,意味なし,none
金上,意味なし,none
金森,かなもり,surname
金人,意味なし,none
金水,きんすい,general
金正,意味なし,none
金生,意味なし,none
金青,意味なし,none
金夕,意味なし,none
金石,きんせき,general
金赤,きんあか,general
金千,意味なし,none
金川,かながわ,surname
金先,意味なし,none
金早,意味なし,none
金草,意味なし,none
金足,意味なし,none
金村,かなむら,surname
金大,意味なし,none
金男,意味なし,none
金竹,きんちく,general
金中,かなか,surname
金虫,意味なし,none
金町,意味なし,none
金天,意味なし,none
金田,かねだ,surname
金土,きんど/金曜土曜,general
金二,意味なし,none
金日,意味なし,none
金入,意味なし,none
金年,意味なし,none
金白,きんぱく,general
金八,意味なし,none
金百,意味なし,none
金文,きんぶん,general
金木,かなき,general
金本,かねもと,surname
金名,意味なし,none
金目,かねめ,general
金立,意味なし,none
金力,きんりょく,general
金林,かなばやし,surname
金六,意味なし,none
空一,意味なし,none
空右,意味なし,none
空雨,意味なし,none
空円,意味なし,none
空王,意味なし,none
空音,意味なし,none
空下,意味なし,none
空火,意味なし,none
空花,意味なし,none
空貝,意味なし,none
空学,意味なし,none
空気,くうき,general
空九,意味なし,none
空休,意味なし,none
空玉,意味なし,none
空金,意味なし,none
空月,意味なし,none
空犬,意味なし,none
空見,意味なし,none
空五,意味なし,none
空口,意味なし,none
空校,意味なし,none
空左,意味なし,none
空三,意味なし,none
空山,くうざん,general
空子,意味なし,none
空四,意味なし,none
空糸,意味なし,none
空字,意味なし,none
空耳,そらみみ,general
空七,意味なし,none
空車,くうしゃ,general
空手,からて,general
空十,意味なし,none
空出,意味なし,none
空女,意味なし,none
空小,意味なし,none
空上,意味なし,none
空森,意味なし,none
空人,くうじん,general
空水,意味なし,none
空正,意味なし,none
空生,意味なし,none
空青,意味なし,none
空夕,意味なし,none
空石,意味なし,none
空赤,意味なし,none
空千,意味なし,none
空川,そらかわ,surname
空先,意味なし,none
空早,意味なし,none
空草,意味なし,none
空足,意味なし,none
空村,そらむら,surname
空大,意味なし,none
空男,意味なし,none
空竹,意味なし,none
空中,くうちゅう,general
空虫,意味なし,none
空町,意味なし,none
空天,意味なし,none
空田,そらた,surname
空土,意味なし,none
空二,意味なし,none
空日,意味なし,none
空入,意味なし,none
空年,意味なし,none
空白,くうはく,general
空八,意味なし,none
空百,意味なし,none
空文,くうぶん,general
空木,うつぎ,general
空本,意味なし,none
空名,意味なし,none
空目,そらめ,general
空立,意味なし,none
空力,意味なし,none
空林,意味なし,none
空六,意味なし,none
月一,意味なし,none
月右,意味なし,none
月雨,意味なし,none
月円,意味なし,none
月王,意味なし,none
月音,意味なし,none
月下,げっか,general
月火,げっか/月曜火曜,general
月花,げっか,general
月貝,意味なし,none
月学,意味なし,none
月気,意味なし,none
月九,意味なし,none
月休,意味なし,none
月玉,意味なし,none
月金,げっきん/月曜金曜,general
月空,意味なし,none
月犬,意味なし,none
月見,つきみ,general
月五,意味なし,none
月口,意味なし,none
月校,意味なし,none
月左,意味なし,none
月三,意味なし,none
月山,がっさん,general
月子,意味なし,none
月四,意味なし,none
月糸,意味なし,none
月字,意味なし,none
月耳,意味なし,none
月七,意味なし,none
月車,意味なし,none
月手,意味なし,none
月十,意味なし,none
月出,意味なし,none
月女,意味なし,none
月小,意味なし,none
月上,意味なし,none
月森,意味なし,none
月人,意味なし,none
月水,げっすい/月曜水曜,general
月正,意味なし,none
月生,意味なし,none
月青,意味なし,none
月夕,げっせき,general
月石,意味なし,none
月赤,意味なし,none
月千,意味なし,none
月川,つきかわ,surname
月先,意味なし,none
月早,意味なし,none
月草,意味なし,none
月足,意味なし,none
月村,つきむら,surname
月大,つきおお,general
月男,意味なし,none
月竹,意味なし,none
月中,意味なし,none
月虫,意味なし,none
月町,意味なし,none
月天,がってん,general
月田,つきた,surname
月土,げつど/月曜土曜,general
月二,意味なし,none
月日,つきひ・がっぴ,general
月入,意味なし,none
月年,意味なし,none
月白,げっぱく,general
月八,意味なし,none
月百,意味なし,none
月文,意味なし,none
月木,げつもく/月曜木曜,general
月本,つきもと,surname
月名,意味なし,none
月目,意味なし,none
月立,意味なし,none
月力,意味なし,none
月林,意味なし,none
月六,意味なし,none
犬一,意味なし,none
犬右,意味なし,none
犬雨,意味なし,none
犬円,意味なし,none
犬王,意味なし,none
犬音,意味なし,none
犬下,意味なし,none
犬火,意味なし,none
犬花,意味なし,none
犬貝,意味なし,none
犬学,意味なし,none
犬気,意味なし,none
犬九,意味なし,none
犬休,意味なし,none
犬玉,意味なし,none
犬金,意味なし,none
犬空,意味なし,none
犬月,意味なし,none
犬見,意味なし,none
犬五,意味なし,none
犬口,意味なし,none
犬校,意味なし,none
犬左,意味なし,none
犬三,意味なし,none
犬山,いぬやま,surname
犬子,意味なし,none
犬四,意味なし,none
犬糸,意味なし,none
犬字,意味なし,none
犬耳,いぬみみ,general
犬七,意味なし,none
犬車,意味なし,none
犬手,意味なし,none
犬十,意味なし,none
犬出,意味なし,none
犬女,意味なし,none
犬小,意味なし,none
犬上,意味なし,none
犬森,意味なし,none
犬人,意味なし,none
犬水,意味なし,none
犬正,意味なし,none
犬生,意味なし,none
犬青,意味なし,none
犬夕,意味なし,none
犬石,意味なし,none
犬赤,意味なし,none
犬千,意味なし,none
犬川,いぬかわ,surname
犬先,意味なし,none
犬早,意味なし,none
犬草,意味なし,none
犬足,いぬあし,general
犬村,意味なし,none
犬大,意味なし,none
犬男,意味なし,none
犬竹,意味なし,none
犬中,意味なし,none
犬虫,意味なし,none
犬町,意味なし,none
犬天,意味なし,none
犬田,いぬた,surname
犬土,意味なし,none
犬二,意味なし,none
犬日,意味なし,none
犬入,意味なし,none
犬年,意味なし,none
犬白,意味なし,none
犬八,意味なし,none
犬百,意味なし,none
犬文,意味なし,none
犬木,意味なし,none
犬本,意味なし,none
犬名,意味なし,none
犬目,いぬめ,general
犬立,意味なし,none
犬力,意味なし,none
犬林,意味なし,none
犬六,意味なし,none
見一,意味なし,none
見右,意味なし,none
見雨,意味なし,none
見円,意味なし,none
見王,意味なし,none
見音,意味なし,none
見下,意味なし,none
見火,けんか,general
見花,意味なし,none
見貝,意味なし,none
見学,けんがく,general
見気,意味なし,none
見九,意味なし,none
見休,意味なし,none
見玉,意味なし,none
見金,けんきん,general
見空,意味なし,none
見月,意味なし,none
見犬,意味なし,none
見五,意味なし,none
見口,意味なし,none
見校,意味なし,none
見左,意味なし,none
見三,意味なし,none
見山,みやま,surname
見子,意味なし,none
見四,意味なし,none
見糸,意味なし,none
見字,意味なし,none
見耳,意味なし,none
見七,意味なし,none
見車,意味なし,none
見手,みて,general
見十,意味なし,none
見出,みだし,general
見女,意味なし,none
見小,意味なし,none
見上,意味なし,none
見森,意味なし,none
見人,けんにん,general
見水,けんすい,general
見正,意味なし,none
見生,意味なし,none
見青,意味なし,none
見夕,意味なし,none
見石,意味なし,none
見赤,意味なし,none
見千,意味なし,none
見川,みかわ,surname
見先,意味なし,none
見早,意味なし,none
見草,意味なし,none
見足,意味なし,none
見村,意味なし,none
見大,意味なし,none
見男,意味なし,none
見竹,意味なし,none
見中,意味なし,none
見虫,意味なし,none
見町,意味なし,none
見天,意味なし,none
見田,みた,surname
見土,意味なし,none
見二,意味なし,none
見日,意味なし,none
見入,意味なし,none
見年,意味なし,none
見白,意味なし,none
見八,意味なし,none
見百,意味なし,none
見文,意味なし,none
見木,意味なし,none
見本,みほん,general
見名,意味なし,none
見目,みめ,general
見立,みたて,general
見力,意味なし,none
見林,意味なし,none
見六,意味なし,none
五一,意味なし,none
五右,意味なし,none
五雨,意味なし,none
五円,ごえん,number
五王,意味なし,none
五音,意味なし,none
五下,意味なし,none
五火,意味なし,none
五花,意味なし,none
五貝,意味なし,none
五学,意味なし,none
五気,意味なし,none
五九,意味なし,none
五休,意味なし,none
五玉,意味なし,none
五金,意味なし,none
五空,意味なし,none
五月,ごがつ,number
五犬,意味なし,none
五見,意味なし,none
五口,意味なし,none
五校,意味なし,none
五左,意味なし,none
五三,意味なし,none
五山,ござん,general
五子,意味なし,none
五四,意味なし,none
五糸,意味なし,none
五字,意味なし,none
五耳,意味なし,none
五七,意味なし,none
五車,意味なし,none
五手,意味なし,none
五十,ごじゅう,number
五出,意味なし,none
五女,意味なし,none
五小,意味なし,none
五上,意味なし,none
五森,意味なし,none
五人,ごにん,number
五水,意味なし,none
五正,意味なし,none
五生,意味なし,none
五青,意味なし,none
五夕,意味なし,none
五石,意味なし,none
五赤,意味なし,none
五千,ごせん,number
五川,意味なし,none
五先,意味なし,none
五早,意味なし,none
五草,意味なし,none
五足,意味なし,none
五村,意味なし,none
五大,意味なし,none
五男,意味なし,none
五竹,意味なし,none
五中,意味なし,none
五虫,意味なし,none
五町,意味なし,none
五天,意味なし,none
五田,ごた,surname
五土,意味なし,none
五二,意味なし,none
五日,いつか,number
五入,意味なし,none
五年,意味なし,none
五白,意味なし,none
五八,意味なし,none
五百,ごひゃく,number
五文,意味なし,none
五木,いつき,surname
五本,ごほん,number
五名,意味なし,none
五目,意味なし,none
五立,意味なし,none
五力,意味なし,none
五林,意味なし,none
五六,ごろく,number
口一,意味なし,none
口右,意味なし,none
口雨,意味なし,none
口円,意味なし,none
口王,意味なし,none
口音,意味なし,none
口下,意味なし,none
口火,くちび,general
口花,意味なし,none
口貝,意味なし,none
口学,意味なし,none
口気,意味なし,none
口九,意味なし,none
口休,意味なし,none
口玉,意味なし,none
口金,くちがね,general
口空,意味なし,none
口月,意味なし,none
口犬,意味なし,none
口見,意味なし,none
口五,意味なし,none
口校,意味なし,none
口左,意味なし,none
口三,意味なし,none
口山,くちやま,surname
口子,意味なし,none
口四,意味なし,none
口糸,意味なし,none
口字,意味なし,none
口耳,意味なし,none
口七,意味なし,none
口車,くちぐるま,general
口手,意味なし,none
口十,意味なし,none
口出,くちだし,general
口女,意味なし,none
口小,意味なし,none
口上,こうじょう,general
口森,意味なし,none
口人,意味なし,none
口水,意味なし,none
口正,意味なし,none
口生,意味なし,none
口青,意味なし,none
口夕,意味なし,none
口石,くちいし,general
口赤,意味なし,none
口千,意味なし,none
口川,くちかわ,surname
口先,意味なし,none
口早,意味なし,none
口草,意味なし,none
口足,意味なし,none
口村,意味なし,none
口大,意味なし,none
口男,意味なし,none
口竹,意味なし,none
口中,こうちゅう,general
口虫,意味なし,none
口町,意味なし,none
口天,意味なし,none
口田,くちだ,surname
口土,意味なし,none
口二,意味なし,none
口日,意味なし,none
口入,くちいれ,general
口年,意味なし,none
口白,意味なし,none
口八,意味なし,none
口百,意味なし,none
口文,意味なし,none
口木,意味なし,none
口本,意味なし,none
口名,意味なし,none
口目,意味なし,none
口立,意味なし,none
口力,意味なし,none
口林,意味なし,none
口六,意味なし,none
校一,意味なし,none
校右,意味なし,none
校雨,意味なし,none
校円,意味なし,none
校王,意味なし,none
校音,意味なし,none
校下,こうか,general
校火,意味なし,none
校花,意味なし,none
校貝,意味なし,none
校学,意味なし,none
校気,意味なし,none
校九,意味なし,none
校休,意味なし,none
校玉,意味なし,none
校金,意味なし,none
校空,意味なし,none
校月,意味なし,none
校犬,意味なし,none
校見,意味なし,none
校五,意味なし,none
校口,意味なし,none
校左,意味なし,none
校三,意味なし,none
校山,こうざん,general
校子,意味なし,none
校四,意味なし,none
校糸,意味なし,none
校字,意味なし,none
校耳,意味なし,none
校七,意味なし,none
校車,意味なし,none
校手,意味なし,none
校十,意味なし,none
校出,意味なし,none
校女,意味なし,none
校小,意味なし,none
校上,意味なし,none
校森,意味なし,none
校人,意味なし,none
校水,意味なし,none
校正,こうせい,general
校生,意味なし,none
校青,意味なし,none
校夕,意味なし,none
校石,意味なし,none
校赤,意味なし,none
校千,意味なし,none
校川,意味なし,none
校先,意味なし,none
校早,意味なし,none
校草,意味なし,none
校足,意味なし,none
校村,意味なし,none
校大,意味なし,none
校男,意味なし,none
校竹,意味なし,none
校中,こうちゅう,general
校虫,意味なし,none
校町,意味なし,none
校天,意味なし,none
校田,こうでん,general
校土,意味なし,none
校二,意味なし,none
校日,意味なし,none
校入,意味なし,none
校年,意味なし,none
校白,意味なし,none
校八,意味なし,none
校百,意味なし,none
校文,意味なし,none
校木,意味なし,none
校本,意味なし,none
校名,意味なし,none
校目,意味なし,none
校立,意味なし,none
校力,意味なし,none
校林,意味なし,none
校六,意味なし,none
左一,意味なし,none
左右,さゆう,general
左雨,意味なし,none
左円,意味なし,none
左王,意味なし,none
左音,意味なし,none
左下,意味なし,none
左火,意味なし,none
左花,意味なし,none
左貝,意味なし,none
左学,意味なし,none
左気,意味なし,none
左九,意味なし,none
左休,意味なし,none
左玉,意味なし,none
左金,意味なし,none
左空,意味なし,none
左月,意味なし,none
左犬,意味なし,none
左見,意味なし,none
左五,意味なし,none
左口,意味なし,none
左校,意味なし,none
左三,意味なし,none
左山,ひだりやま,general
左子,意味なし,none
左四,意味なし,none
左糸,意味なし,none
左字,意味なし,none
左耳,ひだりみみ,general
左七,意味なし,none
左車,意味なし,none
左手,ひだりて,general
左十,意味なし,none
左出,意味なし,none
左女,意味なし,none
左小,意味なし,none
左上,意味なし,none
左森,意味なし,none
左人,意味なし,none
左水,意味なし,none
左正,意味なし,none
左生,意味なし,none
左青,意味なし,none
左夕,意味なし,none
左石,意味なし,none
左赤,意味なし,none
左千,意味なし,none
左川,意味なし,none
左先,意味なし,none
左早,意味なし,none
左草,意味なし,none
左足,ひだりあし,general
左村,意味なし,none
左大,意味なし,none
左男,意味なし,none
左竹,意味なし,none
左中,意味なし,none
左虫,意味なし,none
左町,意味なし,none
左天,意味なし,none
左田,意味なし,none
左土,意味なし,none
左二,意味なし,none
左日,意味なし,none
左入,意味なし,none
左年,意味なし,none
左白,意味なし,none
左八,意味なし,none
左百,意味なし,none
左文,意味なし,none
左木,意味なし,none
左本,意味なし,none
左名,意味なし,none
左目,ひだりめ,general
左立,意味なし,none
左力,意味なし,none
左林,意味なし,none
左六,意味なし,none
三一,意味なし,none
三右,意味なし,none
三雨,意味なし,none
三円,意味なし,none
三王,意味なし,none
三音,意味なし,none
三下,意味なし,none
三火,意味なし,none
三花,意味なし,none
三貝,意味なし,none
三学,意味なし,none
三気,意味なし,none
三九,意味なし,none
三休,意味なし,none
三玉,意味なし,none
三金,意味なし,none
三空,意味なし,none
三月,さんがつ,number
三犬,意味なし,none
三見,意味なし,none
三五,意味なし,none
三口,意味なし,none
三校,意味なし,none
三左,意味なし,none
三山,意味なし,none
三子,意味なし,none
三四,さんし,number
三糸,意味なし,none
三字,意味なし,none
三耳,意味なし,none
三七,意味なし,none
三車,意味なし,none
三手,意味なし,none
三十,さんじゅう,number
三出,意味なし,none
三女,意味なし,none
三小,意味なし,none
三上,意味なし,none
三森,意味なし,none
三人,さんにん,number
三水,意味なし,none
三正,意味なし,none
三生,意味なし,none
三青,意味なし,none
三夕,意味なし,none
三石,意味なし,none
三赤,意味なし,none
三千,さんぜん,number
三川,意味なし,none
三先,意味なし,none
三早,意味なし,none
三草,意味なし,none
三足,意味なし,none
三村,意味なし,none
三大,意味なし,none
三男,意味なし,none
三竹,意味なし,none
三中,意味なし,none
三虫,意味なし,none
三町,意味なし,none
三天,意味なし,none
三田,意味なし,none
三土,意味なし,none
三二,意味なし,none
三日,みっか,number
三入,意味なし,none
三年,意味なし,none
三白,意味なし,none
三八,意味なし,none
三百,さんびゃく,number
三文,意味なし,none
三木,みき,surname
三本,さんぼん,number
三名,意味なし,none
三目,意味なし,none
三立,意味なし,none
三力,意味なし,none
三林,意味なし,none
三六,意味なし,none
山一,意味なし,none
山右,やまみぎ,general
山雨,意味なし,none
山円,意味なし,none
山王,さんのう,general
山音,意味なし,none
山下,やました,surname
山火,やまび,general
山花,意味なし,none
山貝,意味なし,none
山学,意味なし,none
山気,やまき,general
山九,意味なし,none
山休,意味なし,none
山玉,やまたま,general
山金,意味なし,none
山空,やまぞら,general
山月,さんげつ,general
山犬,やまいぬ,general
山見,やまみ,surname
山五,やまご,general
山口,やまぐち,surname
山校,さんこう,general
山左,やまひだり,general
山三,意味なし,none
山子,やまこ,general
山四,意味なし,none
山糸,やまいと,general
山字,やまじ,general
山耳,やまみみ,general
山七,意味なし,none
山車,だし/祭り,general
山手,やまて,general
山十,意味なし,none
山出,やまで,general
山女,やまめ/魚,general
山小,意味なし,none
山上,やまがみ,surname
山森,意味なし,none
山人,さんじん,general
山水,さんすい,general
山正,やままさ,surname
山生,やまおい,general
山青,意味なし,none
山夕,やまゆう,general
山石,やまいし,general
山赤,やまあか,general
山千,やません,general
山川,やまかわ,general
山先,やまさき,surname
山早,やまはや,surname
山草,やまくさ,general
山足,やまあし,general
山村,さんそん,general
山大,意味なし,none
山男,やまおとこ,general
山竹,やまたけ,general
山中,さんちゅう・やまなか,general
山虫,やまむし,general
山町,やままち,general
山天,やまてん,general
山田,やまだ,surname
山土,やまつち,general
山二,やまに,general
山日,意味なし,none
山入,やまいり,general
山年,やまとし,general
山白,やましろ,general
山八,やまはち,general
山百,やまもも,general
山文,やまぶん,general
山木,意味なし,none
山本,やまもと,surname
山名,やまな,surname
山目,やまめ,general
山立,意味なし,none
山力,さんりき,general
山林,さんりん,general
山六,意味なし,none
子一,意味なし,none
子右,意味なし,none
子雨,意味なし,none
子円,意味なし,none
子王,意味なし,none
子音,意味なし,none
子下,意味なし,none
子火,意味なし,none
子花,意味なし,none
子貝,意味なし,none
子学,意味なし,none
子気,意味なし,none
子九,意味なし,none
子休,意味なし,none
子玉,意味なし,none
子金,意味なし,none
子空,意味なし,none
子月,しげつ,general
子犬,こいぬ,general
子見,意味なし,none
子五,意味なし,none
子口,意味なし,none
子校,意味なし,none
子左,意味なし,none
子三,意味なし,none
子山,こやま,surname
子四,意味なし,none
子糸,意味なし,none
子字,意味なし,none
子耳,意味なし,none
子七,意味なし,none
子車,意味なし,none
子手,意味なし,none
子十,意味なし,none
子出,意味なし,none
子女,しじょ,general
子小,意味なし,none
子上,意味なし,none
子森,意味なし,none
子人,意味なし,none
子水,意味なし,none
子正,意味なし,none
子生,意味なし,none
子青,意味なし,none
子夕,意味なし,none
子石,意味なし,none
子赤,意味なし,none
子千,意味なし,none
子川,こかわ,surname
子先,意味なし,none
子早,意味なし,none
子草,意味なし,none
子足,意味なし,none
子村,意味なし,none
子大,意味なし,none
子男,意味なし,none
子竹,意味なし,none
子中,意味なし,none
子虫,意味なし,none
子町,意味なし,none
子天,意味なし,none
子田,こだ,surname
子土,意味なし,none
子二,意味なし,none
子日,ねのひ,general
子入,意味なし,none
子年,ねどし,general
子白,意味なし,none
子八,意味なし,none
子百,意味なし,none
子文,意味なし,none
子木,意味なし,none
子本,意味なし,none
子名,意味なし,none
子目,意味なし,none
子立,意味なし,none
子力,意味なし,none
子林,意味なし,none
子六,意味なし,none
四一,意味なし,none
四右,意味なし,none
四雨,意味なし,none
四円,意味なし,none
四王,意味なし,none
四音,意味なし,none
四下,意味なし,none
四火,意味なし,none
四花,意味なし,none
四貝,意味なし,none
四学,意味なし,none
四気,意味なし,none
四九,意味なし,none
四休,意味なし,none
四玉,意味なし,none
四金,意味なし,none
四空,意味なし,none
四月,しがつ,number
四犬,意味なし,none
四見,意味なし,none
四五,しご,number
四口,意味なし,none
四校,意味なし,none
四左,意味なし,none
四三,意味なし,none
四山,意味なし,none
四子,意味なし,none
四糸,意味なし,none
四字,意味なし,none
四耳,意味なし,none
四七,意味なし,none
四車,意味なし,none
四手,意味なし,none
四十,よんじゅう,number
四出,意味なし,none
四女,意味なし,none
四小,意味なし,none
四上,意味なし,none
四森,意味なし,none
四人,よにん,number
四水,意味なし,none
四正,意味なし,none
四生,意味なし,none
四青,意味なし,none
四夕,意味なし,none
四石,意味なし,none
四赤,意味なし,none
四千,よんせん,number
四川,意味なし,none
四先,意味なし,none
四早,意味なし,none
四草,意味なし,none
四足,意味なし,none
四村,意味なし,none
四大,意味なし,none
四男,意味なし,none
四竹,意味なし,none
四中,意味なし,none
四虫,意味なし,none
四町,意味なし,none
四天,意味なし,none
四田,意味なし,none
四土,意味なし,none
四二,意味なし,none
四日,よっか,number
四入,意味なし,none
四年,意味なし,none
四白,意味なし,none
四八,意味なし,none
四百,よんひゃく,number
四文,意味なし,none
四木,意味なし,none
四本,よんほん,number
四名,意味なし,none
四目,意味なし,none
四立,意味なし,none
四力,意味なし,none
四林,意味なし,none
四六,意味なし,none
糸一,意味なし,none
糸右,意味なし,none
糸雨,意味なし,none
糸円,意味なし,none
糸王,意味なし,none
糸音,意味なし,none
糸下,意味なし,none
糸火,意味なし,none
糸花,意味なし,none
糸貝,意味なし,none
糸学,意味なし,none
糸気,意味なし,none
糸九,意味なし,none
糸休,意味なし,none
糸玉,意味なし,none
糸金,意味なし,none
糸空,意味なし,none
糸月,意味なし,none
糸犬,意味なし,none
糸見,意味なし,none
糸五,意味なし,none
糸口,いとぐち,general
糸校,意味なし,none
糸左,意味なし,none
糸三,意味なし,none
糸山,いとやま,surname
糸子,意味なし,none
糸四,意味なし,none
糸字,意味なし,none
糸耳,意味なし,none
糸七,意味なし,none
糸車,意味なし,none
糸手,意味なし,none
糸十,意味なし,none
糸出,意味なし,none
糸女,意味なし,none
糸小,意味なし,none
糸上,意味なし,none
糸森,意味なし,none
糸人,意味なし,none
糸水,意味なし,none
糸正,意味なし,none
糸生,意味なし,none
糸青,意味なし,none
糸夕,意味なし,none
糸石,意味なし,none
糸赤,意味なし,none
糸千,意味なし,none
糸川,いとかわ,surname
糸先,意味なし,none
糸早,意味なし,none
糸草,意味なし,none
糸足,意味なし,none
糸村,いとむら,surname
糸大,意味なし,none
糸男,意味なし,none
糸竹,意味なし,none
糸中,意味なし,none
糸虫,意味なし,none
糸町,意味なし,none
糸天,意味なし,none
糸田,いとだ,surname
糸土,意味なし,none
糸二,意味なし,none
糸日,意味なし,none
糸入,意味なし,none
糸年,意味なし,none
糸白,意味なし,none
糸八,意味なし,none
糸百,意味なし,none
糸文,意味なし,none
糸木,意味なし,none
糸本,意味なし,none
糸名,意味なし,none
糸目,いとめ,general
糸立,意味なし,none
糸力,意味なし,none
糸林,意味なし,none
糸六,意味なし,none
字一,意味なし,none
字右,意味なし,none
字雨,意味なし,none
字円,意味なし,none
字王,意味なし,none
字音,意味なし,none
字下,意味なし,none
字火,じか,general
字花,意味なし,none
字貝,意味なし,none
字学,意味なし,none
字気,意味なし,none
字九,意味なし,none
字休,意味なし,none
字玉,意味なし,none
字金,じきん,general
字空,意味なし,none
字月,意味なし,none
字犬,意味なし,none
字見,意味なし,none
字五,意味なし,none
字口,意味なし,none
字校,意味なし,none
字左,意味なし,none
字三,意味なし,none
字山,じやま,surname
字子,意味なし,none
字四,意味なし,none
字糸,意味なし,none
字耳,意味なし,none
字七,意味なし,none
字車,意味なし,none
字手,意味なし,none
字十,意味なし,none
字出,意味なし,none
字女,意味なし,none
字小,意味なし,none
字上,意味なし,none
字森,意味なし,none
字人,意味なし,none
字水,意味なし,none
字正,意味なし,none
字生,意味なし,none
字青,意味なし,none
字夕,意味なし,none
字石,意味なし,none
字赤,意味なし,none
字千,意味なし,none
字川,意味なし,none
字先,意味なし,none
字早,意味なし,none
字草,意味なし,none
字足,意味なし,none
字村,意味なし,none
字大,意味なし,none
字男,意味なし,none
字竹,意味なし,none
字中,じちゅう,general
字虫,意味なし,none
字町,意味なし,none
字天,意味なし,none
字田,じた,surname
字土,意味なし,none
字二,意味なし,none
字日,意味なし,none
字入,意味なし,none
字年,意味なし,none
字白,意味なし,none
字八,意味なし,none
字百,意味なし,none
字文,じぶん,general
字木,意味なし,none
字本,意味なし,none
字名,あざな,general
字目,意味なし,none
字立,意味なし,none
字力,意味なし,none
字林,意味なし,none
字六,意味なし,none
耳一,意味なし,none
耳右,意味なし,none
耳雨,意味なし,none
耳円,意味なし,none
耳王,意味なし,none
耳音,意味なし,none
耳下,意味なし,none
耳火,意味なし,none
耳花,意味なし,none
耳貝,意味なし,none
耳学,意味なし,none
耳気,意味なし,none
耳九,意味なし,none
耳休,意味なし,none
耳玉,意味なし,none
耳金,みみがね,general
耳空,意味なし,none
耳月,意味なし,none
耳犬,意味なし,none
耳見,意味なし,none
耳五,意味なし,none
耳口,じこう,general
耳校,意味なし,none
耳左,意味なし,none
耳三,意味なし,none
耳山,みみやま,surname
耳子,意味なし,none
耳四,意味なし,none
耳糸,意味なし,none
耳字,意味なし,none
耳七,意味なし,none
耳車,意味なし,none
耳手,意味なし,none
耳十,意味なし,none
耳出,意味なし,none
耳女,意味なし,none
耳小,意味なし,none
耳上,意味なし,none
耳森,意味なし,none
耳人,意味なし,none
耳水,意味なし,none
耳正,意味なし,none
耳生,意味なし,none
耳青,意味なし,none
耳夕,意味なし,none
耳石,じせき,general
耳赤,意味なし,none
耳千,意味なし,none
耳川,意味なし,none
耳先,意味なし,none
耳早,意味なし,none
耳草,意味なし,none
耳足,意味なし,none
耳村,意味なし,none
耳大,意味なし,none
耳男,意味なし,none
耳竹,意味なし,none
耳中,意味なし,none
耳虫,意味なし,none
耳町,意味なし,none
耳天,意味なし,none
耳田,みみた,surname
耳土,意味なし,none
耳二,意味なし,none
耳日,意味なし,none
耳入,意味なし,none
耳年,意味なし,none
耳白,意味なし,none
耳八,意味なし,none
耳百,意味なし,none
耳文,意味なし,none
耳木,意味なし,none
耳本,意味なし,none
耳名,意味なし,none
耳目,じもく,general
耳立,意味なし,none
耳力,意味なし,none
耳林,意味なし,none
耳六,意味なし,none
七一,意味なし,none
七右,意味なし,none
七雨,意味なし,none
七円,意味なし,none
七王,意味なし,none
七音,意味なし,none
七下,意味なし,none
七火,意味なし,none
七花,意味なし,none
七貝,意味なし,none
七学,意味なし,none
七気,意味なし,none
七九,意味なし,none
七休,意味なし,none
七玉,意味なし,none
七金,意味なし,none
七空,意味なし,none
七月,しちがつ,number
七犬,意味なし,none
七見,意味なし,none
七五,意味なし,none
七口,意味なし,none
七校,意味なし,none
七左,意味なし,none
七三,意味なし,none
七山,意味なし,none
七子,意味なし,none
七四,意味なし,none
七糸,意味なし,none
七字,意味なし,none
七耳,意味なし,none
七車,意味なし,none
七手,意味なし,none
七十,ななじゅう,number
七出,意味なし,none
七女,意味なし,none
七小,意味なし,none
七上,意味なし,none
七森,意味なし,none
七人,しちにん,number
七水,意味なし,none
七正,意味なし,none
七生,意味なし,none
七青,意味なし,none
七夕,たなばた,general
七石,意味なし,none
七赤,意味なし,none
七千,ななせん,number
七川,意味なし,none
七先,意味なし,none
七早,意味なし,none
七草,意味なし,none
七足,意味なし,none
七村,意味なし,none
七大,意味なし,none
七男,意味なし,none
七竹,意味なし,none
七中,意味なし,none
七虫,意味なし,none
七町,意味なし,none
七天,意味なし,none
七田,意味なし,none
七土,意味なし,none
七二,意味なし,none
七日,なのか,number
七入,意味なし,none
七年,意味なし,none
七白,意味なし,none
七八,しちはち,number
七百,ななひゃく,number
七文,意味なし,none
七木,意味なし,none
七本,意味なし,none
七名,意味なし,none
七目,意味なし,none
七立,意味なし,none
七力,意味なし,none
七林,意味なし,none
七六,意味なし,none
車一,意味なし,none
車右,意味なし,none
車雨,意味なし,none
車円,意味なし,none
車王,意味なし,none
車音,意味なし,none
車下,意味なし,none
車火,しゃか,general
車花,意味なし,none
車貝,意味なし,none
車学,意味なし,none
車気,意味なし,none
車九,意味なし,none
車休,意味なし,none
車玉,意味なし,none
車金,しゃきん,general
車空,意味なし,none
車月,意味なし,none
車犬,意味なし,none
車見,意味なし,none
車五,意味なし,none
車口,意味なし,none
車校,意味なし,none
車左,意味なし,none
車三,意味なし,none
車山,くるまやま,surname
車子,意味なし,none
車四,意味なし,none
車糸,意味なし,none
車字,意味なし,none
車耳,意味なし,none
車七,意味なし,none
車手,意味なし,none
車十,意味なし,none
車出,意味なし,none
車女,意味なし,none
車小,くるまこ,general
車上,意味なし,none
車森,意味なし,none
車人,しゃじん,general
車水,しゃすい,general
車正,意味なし,none
車生,意味なし,none
車青,意味なし,none
車夕,意味なし,none
車石,意味なし,none
車赤,意味なし,none
車千,意味なし,none
車川,くるまかわ,surname
車先,意味なし,none
車早,意味なし,none
車草,意味なし,none
車足,意味なし,none
車村,意味なし,none
車大,くるまおお,general
車男,意味なし,none
車竹,意味なし,none
車中,しゃちゅう,general
車虫,意味なし,none
車町,意味なし,none
車天,意味なし,none
車田,くるまだ,surname
車土,意味なし,none
車二,意味なし,none
車日,意味なし,none
車入,意味なし,none
車年,意味なし,none
車白,意味なし,none
車八,意味なし,none
車百,意味なし,none
車文,意味なし,none
車木,意味なし,none
車本,意味なし,none
車名,意味なし,none
車目,意味なし,none
車立,意味なし,none
車力,しゃりき,general
車林,意味なし,none
車六,意味なし,none
手一,意味なし,none
手右,意味なし,none
手雨,意味なし,none
手円,意味なし,none
手王,意味なし,none
手音,意味なし,none
手下,てした,general
手火,意味なし,none
手花,意味なし,none
手貝,意味なし,none
手学,意味なし,none
手気,意味なし,none
手九,意味なし,none
手休,意味なし,none
手玉,てだま,general
手金,てきん,general
手空,意味なし,none
手月,意味なし,none
手犬,意味なし,none
手見,意味なし,none
手五,意味なし,none
手口,てぐち,general
手校,意味なし,none
手左,意味なし,none
手三,意味なし,none
手山,てやま,surname
手子,意味なし,none
手四,意味なし,none
手糸,意味なし,none
手字,意味なし,none
手耳,意味なし,none
手七,意味なし,none
手車,てぐるま,general
手十,意味なし,none
手出,意味なし,none
手女,意味なし,none
手小,意味なし,none
手上,意味なし,none
手森,意味なし,none
手人,意味なし,none
手水,ちょうず,general
手正,意味なし,none
手生,意味なし,none
手青,意味なし,none
手夕,意味なし,none
手石,意味なし,none
手赤,意味なし,none
手千,意味なし,none
手川,てかわ,surname
手先,てさき,general
手早,意味なし,none
手草,意味なし,none
手足,てあし,general
手村,てむら,surname
手大,ておお,general
手男,意味なし,none
手竹,意味なし,none
手中,しゅちゅう,general
手虫,意味なし,none
手町,意味なし,none
手天,意味なし,none
手田,てだ,surname
手土,意味なし,none
手二,意味なし,none
手日,意味なし,none
手入,ていれ,general
手年,意味なし,none
手白,意味なし,none
手八,意味なし,none
手百,意味なし,none
手文,てぶん,general
手木,意味なし,none
手本,てほん,general
手名,意味なし,none
手目,ため,general
手立,意味なし,none
手力,しゅりき,general
手林,意味なし,none
手六,意味なし,none
十一,じゅういち,number
十右,意味なし,none
十雨,意味なし,none
十円,じゅうえん,number
十王,意味なし,none
十音,意味なし,none
十下,意味なし,none
十火,意味なし,none
十花,意味なし,none
十貝,意味なし,none
十学,意味なし,none
十気,意味なし,none
十九,じゅうく,number
十休,意味なし,none
十玉,意味なし,none
十金,意味なし,none
十空,意味なし,none
十月,じゅうがつ,number
十犬,意味なし,none
十見,意味なし,none
十五,じゅうご,number
十口,意味なし,none
十校,意味なし,none
十左,意味なし,none
十三,じゅうさん,number
十山,意味なし,none
十子,意味なし,none
十四,じゅうし,number
十糸,意味なし,none
十字,じゅうじ,number
十耳,意味なし,none
十七,じゅうしち,number
十車,意味なし,none
十手,意味なし,none
十出,意味なし,none
十女,意味なし,none
十小,意味なし,none
十上,意味なし,none
十森,意味なし,none
十人,じゅうにん,number
十水,意味なし,none
十正,意味なし,none
十生,意味なし,none
十青,意味なし,none
十夕,意味なし,none
十石,意味なし,none
十赤,意味なし,none
十千,意味なし,none
十川,意味なし,none
十先,意味なし,none
十早,意味なし,none
十草,意味なし,none
十足,意味なし,none
十村,意味なし,none
十大,意味なし,none
十男,意味なし,none
十竹,意味なし,none
十中,じゅっちゅう,general
十虫,意味なし,none
十町,意味なし,none
十天,意味なし,none
十田,意味なし,none
十土,意味なし,none
十二,じゅうに,number
十日,とおか,number
十入,意味なし,none
十年,意味なし,none
十白,意味なし,none
十八,じゅうはち,number
十百,意味なし,none
十文,意味なし,none
十木,意味なし,none
十本,じゅっぽん,number
十名,意味なし,none
十目,意味なし,none
十立,意味なし,none
十力,意味なし,none
十林,意味なし,none
十六,じゅうろく,number
出一,意味なし,none
出右,意味なし,none
出雨,意味なし,none
出円,意味なし,none
出王,意味なし,none
出音,意味なし,none
出下,意味なし,none
出火,しゅっか,general
出花,意味なし,none
出貝,意味なし,none
出学,意味なし,none
出気,意味なし,none
出九,意味なし,none
出休,意味なし,none
出玉,意味なし,none
出金,しゅっきん,general
出空,意味なし,none
出月,意味なし,none
出犬,意味なし,none
出見,意味なし,none
出五,意味なし,none
出口,でぐち,general
出校,意味なし,none
出左,意味なし,none
出三,意味なし,none
出山,でやま,surname
出子,意味なし,none
出四,意味なし,none
出糸,意味なし,none
出字,意味なし,none
出耳,意味なし,none
出七,意味なし,none
出車,意味なし,none
出手,意味なし,none
出十,意味なし,none
出女,意味なし,none
出小,意味なし,none
出上,意味なし,none
出森,意味なし,none
出人,しゅつにん,general
出水,でみず/洪水,general
出正,意味なし,none
出生,しゅっせい,general
出青,意味なし,none
出夕,意味なし,none
出石,意味なし,none
出赤,意味なし,none
出千,意味なし,none
出川,でがわ,surname
出先,でさき,general
出早,意味なし,none
出草,意味なし,none
出足,であし,general
出村,意味なし,none
出大,意味なし,none
出男,意味なし,none
出竹,意味なし,none
出中,意味なし,none
出虫,意味なし,none
出町,意味なし,none
出天,意味なし,none
出田,でた,surname
出土,しゅつど,general
出二,意味なし,none
出日,意味なし,none
出入,でいり,general
出年,意味なし,none
出白,意味なし,none
出八,意味なし,none
出百,意味なし,none
出文,意味なし,none
出木,意味なし,none
出本,意味なし,none
出名,意味なし,none
出目,でめ,general
出立,しゅったつ,general
出力,しゅつりょく,general
出林,意味なし,none
出六,意味なし,none
女一,意味なし,none
女右,意味なし,none
女雨,意味なし,none
女円,意味なし,none
女王,じょおう,general
女音,意味なし,none
女下,意味なし,none
女火,意味なし,none
女花,意味なし,none
女貝,意味なし,none
女学,意味なし,none
女気,意味なし,none
女九,意味なし,none
女休,意味なし,none
女玉,意味なし,none
女金,意味なし,none
女空,意味なし,none
女月,意味なし,none
女犬,意味なし,none
女見,意味なし,none
女五,意味なし,none
女口,意味なし,none
女校,意味なし,none
女左,意味なし,none
女三,意味なし,none
女山,おんなやま,surname
女子,じょし,general
女四,意味なし,none
女糸,意味なし,none
女字,意味なし,none
女耳,意味なし,none
女七,意味なし,none
女車,意味なし,none
女手,おんなで,general
女十,意味なし,none
女出,意味なし,none
女小,意味なし,none
女上,意味なし,none
女森,意味なし,none
女人,にょにん,general
女水,意味なし,none
女正,意味なし,none
女生,意味なし,none
女青,意味なし,none
女夕,意味なし,none
女石,意味なし,none
女赤,意味なし,none
女千,意味なし,none
女川,おながわ,surname
女先,意味なし,none
女早,意味なし,none
女草,意味なし,none
女足,意味なし,none
女村,意味なし,none
女大,意味なし,none
女男,意味なし,none
女竹,意味なし,none
女中,じょちゅう,general
女虫,意味なし,none
女町,意味なし,none
女天,意味なし,none
女田,おんなだ,surname
女土,意味なし,none
女二,意味なし,none
女日,意味なし,none
女入,意味なし,none
女年,意味なし,none
女白,意味なし,none
女八,意味なし,none
女百,意味なし,none
女文,意味なし,none
女木,意味なし,none
女本,意味なし,none
女名,意味なし,none
女目,意味なし,none
女立,意味なし,none
女力,意味なし,none
女林,意味なし,none
女六,意味なし,none
小一,意味なし,none
小右,意味なし,none
小雨,こさめ,general
小円,意味なし,none
小王,しょうおう,general
小音,しょうおん,general
小下,意味なし,none
小火,ぼや,general
小花,意味なし,none
小貝,意味なし,none
小学,しょうがく,general
小気,しょうき,general
小九,意味なし,none
小休,しょうきゅう,general
小玉,こだま,general
小金,こがね,general
小空,意味なし,none
小月,意味なし,none
小犬,こいぬ,general
小見,意味なし,none
小五,意味なし,none
小口,こぐち,general
小校,意味なし,none
小左,意味なし,none
小三,意味なし,none
小山,こやま,surname
小子,意味なし,none
小四,意味なし,none
小糸,意味なし,none
小字,こあざ,general
小耳,こみみ,general
小七,意味なし,none
小車,こぐるま,general
小手,こて,general
小十,意味なし,none
小出,こいで,surname
小女,こおんな,general
小上,意味なし,none
小森,意味なし,none
小人,こびと・しょうにん,general
小水,しょうすい,general
小正,意味なし,none
小生,意味なし,none
小青,意味なし,none
小夕,意味なし,none
小石,こいし,general
小赤,意味なし,none
小千,意味なし,none
小川,おがわ,surname
小先,意味なし,none
小早,意味なし,none
小草,意味なし,none
小足,こあし,general
小村,意味なし,none
小大,意味なし,none
小男,こおとこ,general
小竹,意味なし,none
小中,意味なし,none
小虫,意味なし,none
小町,意味なし,none
小天,意味なし,none
小田,おだ,surname
小土,意味なし,none
小二,意味なし,none
小日,意味なし,none
小入,こいり,general
小年,意味なし,none
小白,意味なし,none
小八,意味なし,none
小百,意味なし,none
小文,こもん,general
小木,こぎ,surname
小本,意味なし,none
小名,こな,general
小目,こめ,general
小立,こだて,general
小力,しょうりき,general
小林,こばやし,surname
小六,意味なし,none
上一,意味なし,none
上右,意味なし,none
上雨,意味なし,none
上円,意味なし,none
上王,意味なし,none
上音,意味なし,none
上下,じょうげ,general
上火,じょうか,general
上花,意味なし,none
上貝,意味なし,none
上学,意味なし,none
上気,じょうき,general
上九,意味なし,none
上休,意味なし,none
上玉,意味なし,none
上金,じょうきん,general
上空,じょうくう,general
上月,意味なし,none
上犬,意味なし,none
上見,意味なし,none
上五,意味なし,none
上口,意味なし,none
上校,意味なし,none
上左,意味なし,none
上三,意味なし,none
上山,うえやま,surname
上子,意味なし,none
上四,意味なし,none
上糸,意味なし,none
上字,意味なし,none
上耳,意味なし,none
上七,意味なし,none
上車,意味なし,none
上手,じょうず・うわて,general
上十,意味なし,none
上出,じょうしゅつ,general
上女,意味なし,none
上小,意味なし,none
上森,意味なし,none
上人,しょうにん,general
上水,じょうすい,general
上正,意味なし,none
上生,意味なし,none
上青,意味なし,none
上夕,意味なし,none
上石,意味なし,none
上赤,意味なし,none
上千,意味なし,none
上川,意味なし,none
上先,意味なし,none
上早,意味なし,none
上草,意味なし,none
上足,意味なし,none
上村,意味なし,none
上大,意味なし,none
上男,意味なし,none
上竹,意味なし,none
上中,じょうちゅう,general
上虫,意味なし,none
上町,意味なし,none
上天,意味なし,none
上田,うえだ,surname
上土,意味なし,none
上二,意味なし,none
上日,意味なし,none
上入,意味なし,none
上年,意味なし,none
上白,意味なし,none
上八,意味なし,none
上百,意味なし,none
上文,意味なし,none
上木,意味なし,none
上本,意味なし,none
上名,意味なし,none
上目,うわめ,general
上立,意味なし,none
上力,意味なし,none
上林,意味なし,none
上六,意味なし,none
森一,意味なし,none
森右,意味なし,none
森雨,意味なし,none
森円,意味なし,none
森王,意味なし,none
森音,意味なし,none
森下,意味なし,none
森火,意味なし,none
森花,意味なし,none
森貝,意味なし,none
森学,意味なし,none
森気,意味なし,none
森九,意味なし,none
森休,意味なし,none
森玉,意味なし,none
森金,意味なし,none
森空,意味なし,none
森月,意味なし,none
森犬,意味なし,none
森見,意味なし,none
森五,意味なし,none
森口,意味なし,none
森校,意味なし,none
森左,意味なし,none
森三,意味なし,none
森山,もりやま,surname
森子,意味なし,none
森四,意味なし,none
森糸,意味なし,none
森字,意味なし,none
森耳,意味なし,none
森七,意味なし,none
森車,意味なし,none
森手,意味なし,none
森十,意味なし,none
森出,意味なし,none
森女,意味なし,none
森小,意味なし,none
森上,意味なし,none
森人,意味なし,none
森水,意味なし,none
森正,意味なし,none
森生,意味なし,none
森青,意味なし,none
森夕,意味なし,none
森石,意味なし,none
森赤,意味なし,none
森千,意味なし,none
森川,もりかわ,surname
森先,意味なし,none
森早,意味なし,none
森草,意味なし,none
森足,意味なし,none
森村,意味なし,none
森大,意味なし,none
森男,意味なし,none
森竹,意味なし,none
森中,もりなか,surname
森虫,意味なし,none
森町,意味なし,none
森天,意味なし,none
森田,もりた,surname
森土,意味なし,none
森二,意味なし,none
森日,意味なし,none
森入,意味なし,none
森年,意味なし,none
森白,意味なし,none
森八,意味なし,none
森百,意味なし,none
森文,意味なし,none
森木,意味なし,none
森本,もりもと,surname
森名,意味なし,none
森目,意味なし,none
森立,意味なし,none
森力,意味なし,none
森林,しんりん,general
森六,意味なし,none
人一,意味なし,none
人右,意味なし,none
人雨,意味なし,none
人円,意味なし,none
人王,意味なし,none
人音,意味なし,none
人下,意味なし,none
人火,意味なし,none
人花,意味なし,none
人貝,意味なし,none
人学,じんがく,general
人気,にんき,general
人九,意味なし,none
人休,意味なし,none
人玉,意味なし,none
人金,じんきん,general
人空,じんくう,general
人月,意味なし,none
人犬,意味なし,none
人見,ひとみ,surname
人五,意味なし,none
人口,じんこう,general
人校,意味なし,none
人左,意味なし,none
人三,意味なし,none
人山,ひとやま,general
人子,意味なし,none
人四,意味なし,none
人糸,意味なし,none
人字,意味なし,none
人耳,意味なし,none
人七,意味なし,none
人車,じんしゃ,general
人手,ひとで,general
人十,意味なし,none
人出,ひとで,general
人女,意味なし,none
人小,意味なし,none
人上,意味なし,none
人森,意味なし,none
人水,意味なし,none
人正,意味なし,none
人生,じんせい,general
人青,意味なし,none
人夕,意味なし,none
人石,意味なし,none
人赤,意味なし,none
人千,意味なし,none
人川,ひとかわ,surname
人先,意味なし,none
人早,意味なし,none
人草,意味なし,none
人足,にんそく,general
人村,意味なし,none
人大,意味なし,none
人男,意味なし,none
人竹,意味なし,none
人中,じんちゅう,general
人虫,意味なし,none
人町,意味なし,none
人天,にんてん,general
人田,ひとだ,surname
人土,じんど,general
人二,意味なし,none
人日,意味なし,none
人入,じんにゅう,general
人年,意味なし,none
人白,意味なし,none
人八,意味なし,none
人百,意味なし,none
人文,意味なし,none
人木,意味なし,none
人本,意味なし,none
人名,じんめい,general
人目,ひとめ,general
人立,意味なし,none
人力,じんりき,general
人林,意味なし,none
人六,意味なし,none
水一,意味なし,none
水右,意味なし,none
水雨,意味なし,none
水円,意味なし,none
水王,意味なし,none
水音,意味なし,none
水下,すいか,general
水火,すいか,general
水花,意味なし,none
水貝,意味なし,none
水学,意味なし,none
水気,みずけ,general
水九,意味なし,none
水休,意味なし,none
水玉,みずたま,general
水金,すいきん/水曜金曜,general
水空,意味なし,none
水月,すいげつ,general
水犬,意味なし,none
水見,意味なし,none
水五,意味なし,none
水口,みなくち,surname
水校,意味なし,none
水左,意味なし,none
水三,意味なし,none
水山,みずやま,surname
水子,意味なし,none
水四,意味なし,none
水糸,意味なし,none
水字,意味なし,none
水耳,意味なし,none
水七,意味なし,none
水車,すいしゃ,general
水手,かこ/船員,general
水十,意味なし,none
水出,みずで,general
水女,意味なし,none
水小,意味なし,none
水上,すいじょう・みなかみ,general
水森,意味なし,none
水人,意味なし,none
水正,意味なし,none
水生,すいせい,general
水青,意味なし,none
水夕,意味なし,none
水石,すいせき,general
水赤,意味なし,none
水千,意味なし,none
水川,みずかわ,surname
水先,意味なし,none
水早,意味なし,none
水草,みずくさ,general
水足,意味なし,none
水村,みずむら,surname
水大,意味なし,none
水男,意味なし,none
水竹,意味なし,none
水中,すいちゅう,general
水虫,みずむし,general
水町,意味なし,none
水天,すいてん,general
水田,すいでん,general
水土,すいど,general
水二,意味なし,none
水日,すいじつ,general
水入,みずいり,general
水年,意味なし,none
水白,意味なし,none
水八,意味なし,none
水百,意味なし,none
水文,すいもん,general
水木,みずき,general
水本,みずもと,surname
水名,意味なし,none
水目,意味なし,none
水立,意味なし,none
水力,すいりょく,general
水林,意味なし,none
水六,意味なし,none
正一,意味なし,none
正右,意味なし,none
正雨,意味なし,none
正円,意味なし,none
正王,意味なし,none
正音,意味なし,none
正下,意味なし,none
正火,しょうか,general
正花,意味なし,none
正貝,意味なし,none
正学,意味なし,none
正気,しょうき,general
正九,意味なし,none
正休,意味なし,none
正玉,意味なし,none
正金,しょうきん,general
正空,意味なし,none
正月,しょうがつ,general
正犬,意味なし,none
正見,意味なし,none
正五,意味なし,none
正口,意味なし,none
正校,意味なし,none
正左,意味なし,none
正三,意味なし,none
正山,まさやま,surname
正子,意味なし,none
正四,意味なし,none
正糸,意味なし,none
正字,意味なし,none
正耳,意味なし,none
正七,意味なし,none
正車,意味なし,none
正手,意味なし,none
正十,意味なし,none
正出,意味なし,none
正女,意味なし,none
正小,意味なし,none
正上,意味なし,none
正森,意味なし,none
正人,せいじん,general
正水,意味なし,none
正生,意味なし,none
正青,意味なし,none
正夕,意味なし,none
正石,意味なし,none
正赤,意味なし,none
正千,意味なし,none
正川,まさかわ,surname
正先,意味なし,none
正早,意味なし,none
正草,意味なし,none
正足,意味なし,none
正村,まさむら,surname
正大,せいだい,general
正男,意味なし,none
正竹,意味なし,none
正中,せいちゅう,general
正虫,意味なし,none
正町,意味なし,none
正天,意味なし,none
正田,しょうだ,surname
正土,意味なし,none
正二,意味なし,none
正日,せいじつ,general
正入,意味なし,none
正年,意味なし,none
正白,意味なし,none
正八,意味なし,none
正百,意味なし,none
正文,せいぶん,general
正木,まさき,surname
正本,せいほん,general
正名,せいめい,general
正目,まさめ,general
正立,せいりつ,general
正力,しょうりき,surname
正林,意味なし,none
正六,意味なし,none
生一,意味なし,none
生右,意味なし,none
生雨,意味なし,none
生円,意味なし,none
生王,意味なし,none
生音,意味なし,none
生下,意味なし,none
生火,なまび,general
生花,いけばな・せいか,general
生貝,意味なし,none
生学,意味なし,none
生気,せいき,general
生九,意味なし,none
生休,意味なし,none
生玉,意味なし,none
生金,なまがね,general
生空,意味なし,none
生月,せいげつ,general
生犬,意味なし,none
生見,意味なし,none
生五,意味なし,none
生口,いけくち,general
生校,意味なし,none
生左,意味なし,none
生三,意味なし,none
生山,いくやま,surname
生子,意味なし,none
生四,意味なし,none
生糸,きいと,general
生字,意味なし,none
生耳,なまみみ,general
生七,意味なし,none
生車,意味なし,none
生手,意味なし,none
生十,意味なし,none
生出,おいで,surname
生女,意味なし,none
生小,意味なし,none
生上,意味なし,none
生森,意味なし,none
生人,せいじん,general
生水,なまみず,general
生正,意味なし,none
生青,意味なし,none
生夕,意味なし,none
生石,なまいし,general
生赤,意味なし,none
生千,意味なし,none
生川,いくかわ,surname
生先,うまれさき,general
生早,意味なし,none
生草,意味なし,none
生足,なまあし,general
生村,いくむら,surname
生大,意味なし,none
生男,意味なし,none
生竹,なまたけ,general
生中,なまちゅう,general
生虫,意味なし,none
生町,意味なし,none
生天,意味なし,none
生田,いくた,surname
生土,なまつち,general
生二,意味なし,none
生日,せいじつ,general
生入,意味なし,none
生年,せいねん,general
生白,意味なし,none
生八,意味なし,none
生百,意味なし,none
生文,意味なし,none
生木,なまき,general
生本,意味なし,none
生名,意味なし,none
生目,意味なし,none
生立,せいりつ,general
生力,意味なし,none
生林,意味なし,none
生六,意味なし,none
青一,意味なし,none
青右,意味なし,none
青雨,意味なし,none
青円,意味なし,none
青王,意味なし,none
青音,意味なし,none
青下,意味なし,none
青火,あおび,general
青花,意味なし,none
青貝,意味なし,none
青学,意味なし,none
青気,意味なし,none
青九,意味なし,none
青休,意味なし,none
青玉,意味なし,none
青金,あおがね,general
青空,あおぞら,general
青月,意味なし,none
青犬,意味なし,none
青見,意味なし,none
青五,意味なし,none
青口,意味なし,none
青校,意味なし,none
青左,意味なし,none
青三,意味なし,none
青山,あおやま,surname
青子,意味なし,none
青四,意味なし,none
青糸,意味なし,none
青字,意味なし,none
青耳,意味なし,none
青七,意味なし,none
青車,意味なし,none
青手,意味なし,none
青十,意味なし,none
青出,意味なし,none
青女,意味なし,none
青小,意味なし,none
青上,意味なし,none
青森,意味なし,none
青人,意味なし,none
青水,あおみず,general
青正,意味なし,none
青生,意味なし,none
青夕,意味なし,none
青石,意味なし,none
青赤,あおあか,general
青千,意味なし,none
青川,意味なし,none
青先,意味なし,none
青早,意味なし,none
青草,あおくさ,general
青足,意味なし,none
青村,意味なし,none
青大,意味なし,none
青男,意味なし,none
青竹,あおだけ,general
青中,意味なし,none
青虫,あおむし,general
青町,意味なし,none
青天,せいてん,general
青田,あおた,surname
青土,意味なし,none
青二,意味なし,none
青日,意味なし,none
青入,意味なし,none
青年,せいねん,general
青白,あおじろ,general
青八,意味なし,none
青百,意味なし,none
青文,意味なし,none
青木,あおき,surname
青本,意味なし,none
青名,意味なし,none
青目,意味なし,none
青立,意味なし,none
青力,意味なし,none
青林,意味なし,none
青六,意味なし,none
夕一,意味なし,none
夕右,意味なし,none
夕雨,ゆうさめ,general
夕円,意味なし,none
夕王,意味なし,none
夕音,意味なし,none
夕下,意味なし,none
夕火,ゆうひ,general
夕花,意味なし,none
夕貝,意味なし,none
夕学,意味なし,none
夕気,意味なし,none
夕九,意味なし,none
夕休,意味なし,none
夕玉,意味なし,none
夕金,意味なし,none
夕空,ゆうぞら,general
夕月,ゆうづき,general
夕犬,意味なし,none
夕見,意味なし,none
夕五,意味なし,none
夕口,意味なし,none
夕校,意味なし,none
夕左,意味なし,none
夕三,意味なし,none
夕山,ゆうやま,surname
夕子,意味なし,none
夕四,意味なし,none
夕糸,意味なし,none
夕字,意味なし,none
夕耳,意味なし,none
夕七,意味なし,none
夕車,意味なし,none
夕手,意味なし,none
夕十,意味なし,none
夕出,意味なし,none
夕女,意味なし,none
夕小,意味なし,none
夕上,意味なし,none
夕森,意味なし,none
夕人,意味なし,none
夕水,意味なし,none
夕正,意味なし,none
夕生,意味なし,none
夕青,意味なし,none
夕石,意味なし,none
夕赤,意味なし,none
夕千,意味なし,none
夕川,ゆうかわ,surname
夕先,意味なし,none
夕早,意味なし,none
夕草,意味なし,none
夕足,意味なし,none
夕村,意味なし,none
夕大,意味なし,none
夕男,意味なし,none
夕竹,意味なし,none
夕中,意味なし,none
夕虫,意味なし,none
夕町,意味なし,none
夕天,意味なし,none
夕田,ゆうだ,surname
夕土,意味なし,none
夕二,意味なし,none
夕日,ゆうひ,general
夕入,意味なし,none
夕年,意味なし,none
夕白,意味なし,none
夕八,意味なし,none
夕百,意味なし,none
夕文,意味なし,none
夕木,意味なし,none
夕本,意味なし,none
夕名,意味なし,none
夕目,意味なし,none
夕立,ゆうだち,general
夕力,意味なし,none
夕林,意味なし,none
夕六,意味なし,none
石一,意味なし,none
石右,意味なし,none
石雨,意味なし,none
石円,意味なし,none
石王,意味なし,none
石音,意味なし,none
石下,意味なし,none
石火,せっか,general
石花,意味なし,none
石貝,意味なし,none
石学,意味なし,none
石気,せっき,general
石九,意味なし,none
石休,意味なし,none
石玉,意味なし,none
石金,いしがね,general
石空,意味なし,none
石月,意味なし,none
石犬,意味なし,none
石見,意味なし,none
石五,意味なし,none
石口,意味なし,none
石校,意味なし,none
石左,意味なし,none
石三,意味なし,none
石山,いしやま,surname
石子,意味なし,none
石四,意味なし,none
石糸,意味なし,none
石字,意味なし,none
石耳,意味なし,none
石七,意味なし,none
石車,意味なし,none
石手,意味なし,none
石十,意味なし,none
石出,意味なし,none
石女,意味なし,none
石小,意味なし,none
石上,意味なし,none
石森,意味なし,none
石人,せきじん,general
石水,いしみず,general
石正,意味なし,none
石生,意味なし,none
石青,意味なし,none
石夕,意味なし,none
石赤,いしあか,general
石千,いしせん,general
石川,いしかわ,surname
石先,意味なし,none
石早,意味なし,none
石草,意味なし,none
石足,意味なし,none
石村,いしむら,surname
石大,意味なし,none
石男,意味なし,none
石竹,せきちく/花,general
石中,いしなか,surname
石虫,意味なし,none
石町,意味なし,none
石天,意味なし,none
石田,いしだ,surname
石土,いしつち,general
石二,意味なし,none
石日,意味なし,none
石入,意味なし,none
石年,意味なし,none
石白,意味なし,none
石八,意味なし,none
石百,意味なし,none
石文,せきぶん,general
石木,意味なし,none
石本,いしもと,surname
石名,意味なし,none
石目,いしめ,general
石立,意味なし,none
石力,意味なし,none
石林,いしばやし,surname
石六,意味なし,none
赤一,意味なし,none
赤右,意味なし,none
赤雨,意味なし,none
赤円,意味なし,none
赤王,意味なし,none
赤音,意味なし,none
赤下,意味なし,none
赤火,あかび,general
赤花,意味なし,none
赤貝,あかがい,general
赤学,意味なし,none
赤気,意味なし,none
赤九,意味なし,none
赤休,意味なし,none
赤玉,意味なし,none
赤金,あかがね/銅,general
赤空,意味なし,none
赤月,意味なし,none
赤犬,意味なし,none
赤見,意味なし,none
赤五,意味なし,none
赤口,意味なし,none
赤校,意味なし,none
赤左,意味なし,none
赤三,意味なし,none
赤山,あかやま,surname
赤子,意味なし,none
赤四,意味なし,none
赤糸,意味なし,none
赤字,あかじ,general
赤耳,意味なし,none
赤七,意味なし,none
赤車,意味なし,none
赤手,意味なし,none
赤十,意味なし,none
赤出,意味なし,none
赤女,意味なし,none
赤小,意味なし,none
赤上,意味なし,none
赤森,意味なし,none
赤人,意味なし,none
赤水,あかみず,general
赤正,意味なし,none
赤生,意味なし,none
赤青,あかあお,general
赤夕,意味なし,none
赤石,あかいし,surname
赤千,意味なし,none
赤川,あかがわ,surname
赤先,意味なし,none
赤早,意味なし,none
赤草,意味なし,none
赤足,意味なし,none
赤村,あかむら,surname
赤大,意味なし,none
赤男,意味なし,none
赤竹,意味なし,none
赤中,意味なし,none
赤虫,あかむし,general
赤町,意味なし,none
赤天,意味なし,none
赤田,あかだ,surname
赤土,あかつち,general
赤二,意味なし,none
赤日,意味なし,none
赤入,意味なし,none
赤年,意味なし,none
赤白,あかしろ,general
赤八,意味なし,none
赤百,意味なし,none
赤文,意味なし,none
赤木,あかぎ,surname
赤本,意味なし,none
赤名,意味なし,none
赤目,あかめ,general
赤立,意味なし,none
赤力,意味なし,none
赤林,意味なし,none
赤六,意味なし,none
千一,意味なし,none
千右,意味なし,none
千雨,意味なし,none
千円,せんえん,number
千王,意味なし,none
千音,意味なし,none
千下,意味なし,none
千火,せんか,general
千花,意味なし,none
千貝,意味なし,none
千学,意味なし,none
千気,意味なし,none
千九,意味なし,none
千休,意味なし,none
千玉,意味なし,none
千金,せんきん,general
千空,意味なし,none
千月,意味なし,none
千犬,意味なし,none
千見,意味なし,none
千五,意味なし,none
千口,意味なし,none
千校,意味なし,none
千左,意味なし,none
千三,意味なし,none
千山,せんざん,general
千子,意味なし,none
千四,意味なし,none
千糸,意味なし,none
千字,意味なし,none
千耳,意味なし,none
千七,意味なし,none
千車,意味なし,none
千手,せんじゅ,general
千十,意味なし,none
千出,意味なし,none
千女,意味なし,none
千小,意味なし,none
千上,意味なし,none
千森,意味なし,none
千人,せんにん,number
千水,意味なし,none
千正,意味なし,none
千生,意味なし,none
千青,意味なし,none
千夕,意味なし,none
千石,せんごく,surname
千赤,意味なし,none
千川,せんかわ,surname
千先,意味なし,none
千早,意味なし,none
千草,ちぐさ,general
千足,意味なし,none
千村,ちむら,surname
千大,意味なし,none
千男,意味なし,none
千竹,意味なし,none
千中,意味なし,none
千虫,意味なし,none
千町,意味なし,none
千天,意味なし,none
千田,ちだ,surname
千土,意味なし,none
千二,意味なし,none
千日,せんにち,number
千入,意味なし,none
千年,せんねん,number
千白,意味なし,none
千八,意味なし,none
千百,せんひゃく,number
千文,意味なし,none
千木,意味なし,none
千本,せんぼん,number
千名,意味なし,none
千目,意味なし,none
千立,意味なし,none
千力,意味なし,none
千林,意味なし,none
千六,意味なし,none
川一,意味なし,none
川右,意味なし,none
川雨,意味なし,none
川円,意味なし,none
川王,意味なし,none
川音,意味なし,none
川下,かわしも,general
川火,意味なし,none
川花,意味なし,none
川貝,意味なし,none
川学,意味なし,none
川気,意味なし,none
川九,意味なし,none
川休,意味なし,none
川玉,かわたま,general
川金,かわかね,general
川空,かわぞら,general
川月,かわつき,surname
川犬,意味なし,none
川見,かわみ,surname
川五,意味なし,none
川口,かわぐち,surname
川校,意味なし,none
川左,意味なし,none
川三,意味なし,none
川山,かわやま,surname
川子,かわこ,surname
川四,意味なし,none
川糸,かわいと,general
川字,意味なし,none
川耳,意味なし,none
川七,意味なし,none
川車,かわぐるま,general
川手,かわて,general
川十,意味なし,none
川出,かわで,general
川女,かわめ,general
川小,意味なし,none
川上,かわかみ,general
川森,意味なし,none
川人,かわと,surname
川水,かわみず,general
川正,かわまさ,surname
川生,かわお,general
川青,意味なし,none
川夕,かわゆう,general
川石,かわいし,general
川赤,意味なし,none
川千,かわせん,general
川先,かわさき,surname
川早,意味なし,none
川草,かわくさ,general
川足,かわあし,general
川村,かわむら,surname
川大,意味なし,none
川男,かわお,general
川竹,かわたけ,surname
川中,かわなか,general
川虫,かわむし,general
川町,かわまち,general
川天,意味なし,none
川田,かわた,surname
川土,意味なし,none
川二,かわに,general
川日,かわひ,general
川入,かわいり,general
川年,かわとし,general
川白,意味なし,none
川八,かわはち,general
川百,かわもも,general
川文,かわぶん,general
川木,かわき,surname
川本,かわもと,surname
川名,かわな,surname
川目,かわめ,surname
川立,意味なし,none
川力,かわりき,general
川林,かわばやし,surname
川六,意味なし,none
先一,意味なし,none
先右,意味なし,none
先雨,意味なし,none
先円,意味なし,none
先王,意味なし,none
先音,意味なし,none
先下,意味なし,none
先火,せんか,general
先花,意味なし,none
先貝,意味なし,none
先学,意味なし,none
先気,意味なし,none
先九,意味なし,none
先休,意味なし,none
先玉,意味なし,none
先金,さきがね,general
先空,意味なし,none
先月,せんげつ,general
先犬,意味なし,none
先見,意味なし,none
先五,意味なし,none
先口,意味なし,none
先校,意味なし,none
先左,意味なし,none
先三,意味なし,none
先山,さきやま,surname
先子,意味なし,none
先四,意味なし,none
先糸,意味なし,none
先字,意味なし,none
先耳,意味なし,none
先七,意味なし,none
先車,意味なし,none
先手,せんて,general
先十,意味なし,none
先出,意味なし,none
先女,意味なし,none
先小,意味なし,none
先上,意味なし,none
先森,意味なし,none
先人,せんじん,general
先水,意味なし,none
先正,意味なし,none
先生,せんせい,general
先青,意味なし,none
先夕,意味なし,none
先石,意味なし,none
先赤,意味なし,none
先千,意味なし,none
先川,さきかわ,surname
先早,意味なし,none
先草,意味なし,none
先足,意味なし,none
先村,意味なし,none
先大,意味なし,none
先男,意味なし,none
先竹,意味なし,none
先中,意味なし,none
先虫,意味なし,none
先町,意味なし,none
先天,意味なし,none
先田,さきだ,surname
先土,意味なし,none
先二,意味なし,none
先日,せんじつ,general
先入,せんにゅう,general
先年,せんねん,general
先白,意味なし,none
先八,意味なし,none
先百,意味なし,none
先文,意味なし,none
先木,意味なし,none
先本,意味なし,none
先名,意味なし,none
先目,意味なし,none
先立,せんりつ,general
先力,意味なし,none
先林,意味なし,none
先六,意味なし,none
早一,意味なし,none
早右,意味なし,none
早雨,意味なし,none
早円,意味なし,none
早王,意味なし,none
早音,意味なし,none
早下,意味なし,none
早火,はやび,general
早花,意味なし,none
早貝,意味なし,none
早学,意味なし,none
早気,意味なし,none
早九,意味なし,none
早休,意味なし,none
早玉,意味なし,none
早金,意味なし,none
早空,意味なし,none
早月,意味なし,none
早犬,意味なし,none
早見,意味なし,none
早五,意味なし,none
早口,はやくち,general
早校,意味なし,none
早左,意味なし,none
早三,意味なし,none
早山,はややま,surname
早子,意味なし,none
早四,意味なし,none
早糸,意味なし,none
早字,意味なし,none
早耳,意味なし,none
早七,意味なし,none
早車,意味なし,none
早手,はやて,general
早十,意味なし,none
早出,意味なし,none
早女,意味なし,none
早小,意味なし,none
早上,意味なし,none
早森,意味なし,none
早人,意味なし,none
早水,はやみず,general
早正,意味なし,none
早生,わせ,general
早青,意味なし,none
早夕,意味なし,none
早石,意味なし,none
早赤,意味なし,none
早千,意味なし,none
早川,はやかわ,surname
早先,意味なし,none
早草,意味なし,none
早足,はやあし,general
早村,意味なし,none
早大,意味なし,none
早男,意味なし,none
早竹,意味なし,none
早中,意味なし,none
早虫,意味なし,none
早町,意味なし,none
早天,そうてん,general
早田,はやた,surname
早土,意味なし,none
早二,意味なし,none
早日,意味なし,none
早入,意味なし,none
早年,意味なし,none
早白,意味なし,none
早八,意味なし,none
早百,意味なし,none
早文,意味なし,none
早木,意味なし,none
早本,意味なし,none
早名,意味なし,none
早目,はやめ,general
早立,意味なし,none
早力,意味なし,none
早林,意味なし,none
早六,意味なし,none
草一,意味なし,none
草右,意味なし,none
草雨,意味なし,none
草円,意味なし,none
草王,意味なし,none
草音,意味なし,none
草下,意味なし,none
草火,くさび,general
草花,くさばな,general
草貝,意味なし,none
草学,意味なし,none
草気,意味なし,none
草九,意味なし,none
草休,意味なし,none
草玉,意味なし,none
草金,意味なし,none
草空,意味なし,none
草月,意味なし,none
草犬,意味なし,none
草見,意味なし,none
草五,意味なし,none
草口,意味なし,none
草校,意味なし,none
草左,意味なし,none
草三,意味なし,none
草山,くさやま,surname
草子,意味なし,none
草四,意味なし,none
草糸,意味なし,none
草字,意味なし,none
草耳,意味なし,none
草七,意味なし,none
草車,意味なし,none
草手,意味なし,none
草十,意味なし,none
草出,意味なし,none
草女,意味なし,none
草小,意味なし,none
草上,意味なし,none
草森,意味なし,none
草人,くさびと,general
草水,くさみず,general
草正,意味なし,none
草生,くさふ,general
草青,意味なし,none
草夕,意味なし,none
草石,意味なし,none
草赤,意味なし,none
草千,意味なし,none
草川,くさかわ,surname
草先,意味なし,none
草早,意味なし,none
草足,意味なし,none
草村,意味なし,none
草大,意味なし,none
草男,意味なし,none
草竹,意味なし,none
草中,くさなか,general
草虫,くさむし,general
草町,意味なし,none
草天,意味なし,none
草田,くさだ,surname
草土,くさつち,general
草二,意味なし,none
草日,意味なし,none
草入,意味なし,none
草年,意味なし,none
草白,意味なし,none
草八,意味なし,none
草百,意味なし,none
草文,そうぶん,general
草木,くさき,general
草本,意味なし,none
草名,意味なし,none
草目,意味なし,none
草立,意味なし,none
草力,意味なし,none
草林,意味なし,none
草六,意味なし,none
足一,意味なし,none
足右,意味なし,none
足雨,意味なし,none
足円,意味なし,none
足王,意味なし,none
足音,あしおと,general
足下,あしもと,general
足火,意味なし,none
足花,意味なし,none
足貝,意味なし,none
足学,意味なし,none
足気,意味なし,none
足九,意味なし,none
足休,意味なし,none
足玉,意味なし,none
足金,あしがね,general
足空,意味なし,none
足月,意味なし,none
足犬,意味なし,none
足見,意味なし,none
足五,意味なし,none
足口,意味なし,none
足校,意味なし,none
足左,意味なし,none
足三,意味なし,none
足山,あしやま,surname
足子,意味なし,none
足四,意味なし,none
足糸,意味なし,none
足字,意味なし,none
足耳,意味なし,none
足七,意味なし,none
足車,意味なし,none
足手,あして,general
足十,意味なし,none
足出,意味なし,none
足女,意味なし,none
足小,意味なし,none
足上,意味なし,none
足森,意味なし,none
足人,意味なし,none
足水,意味なし,none
足正,意味なし,none
足生,意味なし,none
足青,意味なし,none
足夕,意味なし,none
足石,意味なし,none
足赤,意味なし,none
足千,意味なし,none
足川,あしかわ,surname
足先,意味なし,none
足早,意味なし,none
足草,意味なし,none
足村,意味なし,none
足大,あしおお,general
足男,意味なし,none
足竹,意味なし,none
足中,意味なし,none
足虫,意味なし,none
足町,意味なし,none
足天,意味なし,none
足田,あしだ,surname
足土,意味なし,none
足二,意味なし,none
足日,意味なし,none
足入,意味なし,none
足年,意味なし,none
足白,意味なし,none
足八,意味なし,none
足百,意味なし,none
足文,意味なし,none
足木,意味なし,none
足本,意味なし,none
足名,意味なし,none
足目,意味なし,none
足立,あだち/地名,general
足力,そくりき,general
足林,意味なし,none
足六,意味なし,none
村一,意味なし,none
村右,意味なし,none
村雨,意味なし,none
村円,意味なし,none
村王,意味なし,none
村音,意味なし,none
村下,意味なし,none
村火,むらび,general
村花,意味なし,none
村貝,意味なし,none
村学,意味なし,none
村気,意味なし,none
村九,意味なし,none
村休,意味なし,none
村玉,むらたま,general
村金,むらかね,general
村空,むらぞら,general
村月,むらつき,surname
村犬,意味なし,none
村見,意味なし,none
村五,意味なし,none
村口,意味なし,none
村校,意味なし,none
村左,意味なし,none
村三,意味なし,none
村山,むらやま,surname
村子,意味なし,none
村四,意味なし,none
村糸,むらいと,general
村字,意味なし,none
村耳,意味なし,none
村七,意味なし,none
村車,意味なし,none
村手,むらて,general
村十,意味なし,none
村出,意味なし,none
村女,意味なし,none
村小,意味なし,none
村上,むらかみ,surname
村森,意味なし,none
村人,むらびと,general
村水,むらみず,general
村正,むらまさ,surname
村生,むらお,general
村青,意味なし,none
村夕,意味なし,none
村石,むらいし,surname
村赤,むらあか,general
村千,むらせん,general
村川,むらかわ,surname
村先,意味なし,none
村早,意味なし,none
村草,意味なし,none
村足,意味なし,none
村大,むらおお,general
村男,意味なし,none
村竹,意味なし,none
村中,むらなか,surname
村虫,意味なし,none
村町,むらまち,general
村天,意味なし,none
村田,むらた,surname
村土,意味なし,none
村二,むらに,general
村日,むらひ,general
村入,意味なし,none
村年,意味なし,none
村白,むらしろ,surname
村八,意味なし,none
村百,意味なし,none
村文,意味なし,none
村木,意味なし,none
村本,むらもと,surname
村名,そんめい,general
村目,意味なし,none
村立,意味なし,none
村力,意味なし,none
村林,むらばやし,surname
村六,意味なし,none
大一,意味なし,none
大右,意味なし,none
大雨,おおあめ,general
大円,意味なし,none
大王,だいおう,general
大音,おおおと,general
大下,意味なし,none
大火,たいか,general
大花,意味なし,none
大貝,意味なし,none
大学,だいがく,general
大気,たいき,general
大九,意味なし,none
大休,意味なし,none
大玉,おおだま,general
大金,たいきん,general
大空,おおぞら,general
大月,おおつき,surname
大犬,おおいぬ,general
大見,意味なし,none
大五,意味なし,none
大口,おおぐち,general
大校,意味なし,none
大左,意味なし,none
大三,意味なし,none
大山,おおやま,surname
大子,意味なし,none
大四,意味なし,none
大糸,意味なし,none
大字,おおあざ,general
大耳,おおみみ,general
大七,意味なし,none
大車,おおぐるま,general
大手,おおて,general
大十,意味なし,none
大出,おおで,general
大女,おおおんな,general
大小,だいしょう,general
大上,意味なし,none
大森,おおもり,surname
大人,おとな,general
大水,おおみず,general
大正,たいしょう,general
大生,意味なし,none
大青,意味なし,none
大夕,意味なし,none
大石,おおいし,general
大赤,意味なし,none
大千,意味なし,none
大川,おおかわ,surname
大先,意味なし,none
大早,意味なし,none
大草,意味なし,none
大足,おおあし,general
大村,おおむら,surname
大男,おおおとこ,general
大竹,意味なし,none
大中,だいちゅう,general
大虫,意味なし,none
大町,意味なし,none
大天,だいてん,general
大田,おおた,surname
大土,意味なし,none
大二,意味なし,none
大日,だいにち,general
大入,おおいり,general
大年,おおとし,general
大白,意味なし,none
大八,意味なし,none
大百,意味なし,none
大文,意味なし,none
大木,たいぼく,general
大本,おおもと,surname
大名,だいみょう,general
大目,おおめ,general
大立,おおだて,general
大力,だいりき,general
大林,おおばやし,surname
大六,意味なし,none
男一,意味なし,none
男右,意味なし,none
男雨,意味なし,none
男円,意味なし,none
男王,意味なし,none
男音,意味なし,none
男下,意味なし,none
男火,意味なし,none
男花,意味なし,none
男貝,意味なし,none
男学,意味なし,none
男気,意味なし,none
男九,意味なし,none
男休,意味なし,none
男玉,意味なし,none
男金,意味なし,none
男空,意味なし,none
男月,意味なし,none
男犬,意味なし,none
男見,意味なし,none
男五,意味なし,none
男口,意味なし,none
男校,意味なし,none
男左,意味なし,none
男三,意味なし,none
男山,おとこやま,general
男子,だんし,general
男四,意味なし,none
男糸,意味なし,none
男字,意味なし,none
男耳,意味なし,none
男七,意味なし,none
男車,意味なし,none
男手,おとこで,general
男十,意味なし,none
男出,意味なし,none
男女,だんじょ,general
男小,意味なし,none
男上,意味なし,none
男森,意味なし,none
男人,おとこびと,general
男水,意味なし,none
男正,意味なし,none
男生,意味なし,none
男青,意味なし,none
男夕,意味なし,none
男石,意味なし,none
男赤,意味なし,none
男千,意味なし,none
男川,おがわ,surname
男先,意味なし,none
男早,意味なし,none
男草,意味なし,none
男足,意味なし,none
男村,意味なし,none
男大,意味なし,none
男竹,意味なし,none
男中,意味なし,none
男虫,意味なし,none
男町,意味なし,none
男天,意味なし,none
男田,おだ,surname
男土,意味なし,none
男二,意味なし,none
男日,意味なし,none
男入,意味なし,none
男年,意味なし,none
男白,意味なし,none
男八,意味なし,none
男百,意味なし,none
男文,意味なし,none
男木,意味なし,none
男本,意味なし,none
男名,意味なし,none
男目,意味なし,none
男立,意味なし,none
男力,意味なし,none
男林,意味なし,none
男六,意味なし,none
竹一,意味なし,none
竹右,意味なし,none
竹雨,意味なし,none
竹円,意味なし,none
竹王,意味なし,none
竹音,意味なし,none
竹下,意味なし,none
竹火,ちくか,general
竹花,意味なし,none
竹貝,意味なし,none
竹学,意味なし,none
竹気,意味なし,none
竹九,意味なし,none
竹休,意味なし,none
竹玉,意味なし,none
竹金,意味なし,none
竹空,意味なし,none
竹月,意味なし,none
竹犬,意味なし,none
竹見,意味なし,none
竹五,意味なし,none
竹口,意味なし,none
竹校,意味なし,none
竹左,意味なし,none
竹三,意味なし,none
竹山,たけやま,surname
竹子,意味なし,none
竹四,意味なし,none
竹糸,意味なし,none
竹字,意味なし,none
竹耳,意味なし,none
竹七,意味なし,none
竹車,意味なし,none
竹手,意味なし,none
竹十,意味なし,none
竹出,意味なし,none
竹女,意味なし,none
竹小,意味なし,none
竹上,意味なし,none
竹森,意味なし,none
竹人,ちくじん,general
竹水,ちくすい,general
竹正,意味なし,none
竹生,ちくぶ,general
竹青,意味なし,none
竹夕,意味なし,none
竹石,たけいし,surname
竹赤,意味なし,none
竹千,意味なし,none
竹川,たけかわ,surname
竹先,意味なし,none
竹早,意味なし,none
竹草,意味なし,none
竹足,意味なし,none
竹村,たけむら,surname
竹大,意味なし,none
竹男,意味なし,none
竹中,たけなか,surname
竹虫,意味なし,none
竹町,意味なし,none
竹天,意味なし,none
竹田,たけだ,surname
竹土,意味なし,none
竹二,意味なし,none
竹日,意味なし,none
竹入,意味なし,none
竹年,意味なし,none
竹白,意味なし,none
竹八,意味なし,none
竹百,意味なし,none
竹文,ちくぶん,general
竹木,意味なし,none
竹本,たけもと,surname
竹名,意味なし,none
竹目,たけめ,general
竹立,意味なし,none
竹力,意味なし,none
竹林,ちくりん,general
竹六,意味なし,none
中一,意味なし,none
中右,意味なし,none
中雨,意味なし,none
中円,意味なし,none
中王,意味なし,none
中音,意味なし,none
中下,ちゅうげ,general
中火,ちゅうび,general
中花,意味なし,none
中貝,意味なし,none
中学,ちゅうがく,general
中気,意味なし,none
中九,意味なし,none
中休,意味なし,none
中玉,意味なし,none
中金,なかがね,surname
中空,ちゅうくう,general
中月,意味なし,none
中犬,意味なし,none
中見,意味なし,none
中五,意味なし,none
中口,なかぐち,surname
中校,ちゅうこう,general
中左,意味なし,none
中三,意味なし,none
中山,なかやま,surname
中子,意味なし,none
中四,意味なし,none
中糸,意味なし,none
中字,意味なし,none
中耳,ちゅうじ,general
中七,意味なし,none
中車,意味なし,none
中手,なかて,general
中十,意味なし,none
中出,なかで,general
中女,意味なし,none
中小,意味なし,none
中上,ちゅうじょう,general
中森,なかもり,surname
中人,ちゅうにん,general
中水,意味なし,none
中正,意味なし,none
中生,意味なし,none
中青,意味なし,none
中夕,意味なし,none
中石,なかいし,surname
中赤,意味なし,none
中千,意味なし,none
中川,なかがわ,surname
中先,意味なし,none
中早,意味なし,none
中草,意味なし,none
中足,なかあし,general
中村,なかむら,surname
中大,意味なし,none
中男,意味なし,none
中竹,意味なし,none
中虫,意味なし,none
中町,意味なし,none
中天,ちゅうてん,general
中田,なかた,surname
中土,意味なし,none
中二,意味なし,none
中日,ちゅうにち,general
中入,なかいり,general
中年,ちゅうねん,general
中白,なかしろ,surname
中八,意味なし,none
中百,意味なし,none
中文,意味なし,none
中木,なかき,surname
中本,なかもと,surname
中名,意味なし,none
中目,意味なし,none
中立,ちゅうりつ,general
中力,意味なし,none
中林,なかばやし,surname
中六,意味なし,none
虫一,意味なし,none
虫右,意味なし,none
虫雨,意味なし,none
虫円,意味なし,none
虫王,意味なし,none
虫音,意味なし,none
虫下,意味なし,none
虫火,むしび,general
虫花,意味なし,none
虫貝,意味なし,none
虫学,意味なし,none
虫気,むしけ,general
虫九,意味なし,none
虫休,意味なし,none
虫玉,意味なし,none
虫金,意味なし,none
虫空,意味なし,none
虫月,意味なし,none
虫犬,意味なし,none
虫見,意味なし,none
虫五,意味なし,none
虫口,意味なし,none
虫校,意味なし,none
虫左,意味なし,none
虫三,意味なし,none
虫山,むしやま,surname
虫子,意味なし,none
虫四,意味なし,none
虫糸,意味なし,none
虫字,意味なし,none
虫耳,意味なし,none
虫七,意味なし,none
虫車,意味なし,none
虫手,意味なし,none
虫十,意味なし,none
虫出,意味なし,none
虫女,意味なし,none
虫小,意味なし,none
虫上,意味なし,none
虫森,意味なし,none
虫人,意味なし,none
虫水,むしみず,general
虫正,意味なし,none
虫生,意味なし,none
虫青,意味なし,none
虫夕,意味なし,none
虫石,意味なし,none
虫赤,意味なし,none
虫千,意味なし,none
虫川,むしかわ,surname
虫先,意味なし,none
虫早,意味なし,none
虫草,意味なし,none
虫足,意味なし,none
虫村,意味なし,none
虫大,意味なし,none
虫男,意味なし,none
虫竹,意味なし,none
虫中,意味なし,none
虫町,意味なし,none
虫天,意味なし,none
虫田,むしだ,surname
虫土,意味なし,none
虫二,意味なし,none
虫日,意味なし,none
虫入,意味なし,none
虫年,意味なし,none
虫白,意味なし,none
虫八,意味なし,none
虫百,意味なし,none
虫文,意味なし,none
虫木,意味なし,none
虫本,意味なし,none
虫名,意味なし,none
虫目,むしめ,general
虫立,意味なし,none
虫力,意味なし,none
虫林,意味なし,none
虫六,意味なし,none
町一,意味なし,none
町右,意味なし,none
町雨,意味なし,none
町円,意味なし,none
町王,意味なし,none
町音,意味なし,none
町下,意味なし,none
町火,まちび,general
町花,意味なし,none
町貝,意味なし,none
町学,意味なし,none
町気,意味なし,none
町九,意味なし,none
町休,意味なし,none
町玉,意味なし,none
町金,意味なし,none
町空,意味なし,none
町月,意味なし,none
町犬,意味なし,none
町見,意味なし,none
町五,意味なし,none
町口,意味なし,none
町校,意味なし,none
町左,意味なし,none
町三,意味なし,none
町山,まちやま,surname
町子,意味なし,none
町四,意味なし,none
町糸,意味なし,none
町字,意味なし,none
町耳,意味なし,none
町七,意味なし,none
町車,意味なし,none
町手,意味なし,none
町十,意味なし,none
町出,意味なし,none
町女,意味なし,none
町小,意味なし,none
町上,意味なし,none
町森,意味なし,none
町人,ちょうにん,general
町水,意味なし,none
町正,意味なし,none
町生,意味なし,none
町青,意味なし,none
町夕,意味なし,none
町石,意味なし,none
町赤,意味なし,none
町千,意味なし,none
町川,まちかわ,surname
町先,意味なし,none
町早,意味なし,none
町草,意味なし,none
町足,意味なし,none
町村,ちょうそん,general
町大,意味なし,none
町男,意味なし,none
町竹,意味なし,none
町中,まちなか,general
町虫,意味なし,none
町天,意味なし,none
町田,まちだ,surname
町土,意味なし,none
町二,意味なし,none
町日,意味なし,none
町入,意味なし,none
町年,意味なし,none
町白,意味なし,none
町八,意味なし,none
町百,意味なし,none
町文,意味なし,none
町木,意味なし,none
町本,意味なし,none
町名,ちょうめい,general
町目,意味なし,none
町立,意味なし,none
町力,意味なし,none
町林,意味なし,none
町六,意味なし,none
天一,意味なし,none
天右,意味なし,none
天雨,意味なし,none
天円,意味なし,none
天王,てんのう,general
天音,意味なし,none
天下,てんか,general
天火,てんび,general
天花,てんか,general
天貝,意味なし,none
天学,意味なし,none
天気,てんき,general
天九,意味なし,none
天休,意味なし,none
天玉,意味なし,none
天金,てんきん,general
天空,てんくう,general
天月,意味なし,none
天犬,意味なし,none
天見,意味なし,none
天五,意味なし,none
天口,意味なし,none
天校,意味なし,none
天左,意味なし,none
天三,意味なし,none
天山,てんざん,general
天子,てんし,general
天四,意味なし,none
天糸,意味なし,none
天字,意味なし,none
天耳,意味なし,none
天七,意味なし,none
天車,意味なし,none
天手,あまて,general
天十,意味なし,none
天出,意味なし,none
天女,てんにょ,general
天小,意味なし,none
天上,てんじょう,general
天森,意味なし,none
天人,てんにん,general
天水,てんすい,general
天正,意味なし,none
天生,意味なし,none
天青,意味なし,none
天夕,意味なし,none
天石,意味なし,none
天赤,意味なし,none
天千,意味なし,none
天川,あまかわ,surname
天先,意味なし,none
天早,意味なし,none
天草,意味なし,none
天足,意味なし,none
天村,意味なし,none
天大,意味なし,none
天男,意味なし,none
天竹,あまたけ,surname
天中,てんちゅう,general
天虫,意味なし,none
天町,意味なし,none
天田,あまだ,surname
天土,意味なし,none
天二,意味なし,none
天日,てんぴ,general
天入,意味なし,none
天年,意味なし,none
天白,意味なし,none
天八,意味なし,none
天百,意味なし,none
天文,てんもん,general
天木,あまき,surname
天本,意味なし,none
天名,意味なし,none
天目,意味なし,none
天立,意味なし,none
天力,意味なし,none
天林,意味なし,none
天六,意味なし,none
田一,意味なし,none
田右,意味なし,none
田雨,意味なし,none
田円,意味なし,none
田王,意味なし,none
田音,意味なし,none
田下,意味なし,none
田火,意味なし,none
田花,意味なし,none
田貝,意味なし,none
田学,意味なし,none
田気,意味なし,none
田九,意味なし,none
田休,意味なし,none
田玉,たたま,general
田金,意味なし,none
田空,たぞら,general
田月,意味なし,none
田犬,意味なし,none
田見,たみ,surname
田五,たご,general
田口,たぐち,surname
田校,でんこう,general
田左,意味なし,none
田三,意味なし,none
田山,たやま,surname
田子,たご,surname
田四,意味なし,none
田糸,たいと,general
田字,たじ,general
田耳,たみみ,general
田七,意味なし,none
田車,たぐるま,general
田手,たて,general
田十,意味なし,none
田出,たで,general
田女,たおんな,general
田小,意味なし,none
田上,意味なし,none
田森,意味なし,none
田人,たびと,general
田水,たみず,general
田正,たまさ,surname
田生,意味なし,none
田青,意味なし,none
田夕,たゆう,general
田石,たいし,surname
田赤,意味なし,none
田千,意味なし,none
田川,たがわ,surname
田先,たさき,surname
田早,たはや,surname
田草,たくさ,general
田足,たあし,general
田村,たむら,surname
田大,意味なし,none
田男,たお,general
田竹,意味なし,none
田中,たなか,surname
田虫,たむし,general
田町,意味なし,none
田天,意味なし,none
田土,たつち,general
田二,意味なし,none
田日,意味なし,none
田入,たいり,general
田年,たとし,general
田白,意味なし,none
田八,たはち,general
田百,たもも,general
田文,たぶん,general
田木,意味なし,none
田本,たもと,surname
田名,たな,surname
田目,ため,general
田立,意味なし,none
田力,たりき,general
田林,たばやし,surname
田六,意味なし,none
土一,意味なし,none
土右,意味なし,none
土雨,意味なし,none
土円,意味なし,none
土王,意味なし,none
土音,意味なし,none
土下,意味なし,none
土火,どか,general
土花,意味なし,none
土貝,意味なし,none
土学,意味なし,none
土気,とけ,general
土九,意味なし,none
土休,意味なし,none
土玉,意味なし,none
土金,どきん,general
土空,意味なし,none
土月,意味なし,none
土犬,意味なし,none
土見,意味なし,none
土五,意味なし,none
土口,意味なし,none
土校,意味なし,none
土左,意味なし,none
土三,意味なし,none
土山,つちやま,surname
土子,意味なし,none
土四,意味なし,none
土糸,意味なし,none
土字,意味なし,none
土耳,意味なし,none
土七,意味なし,none
土車,意味なし,none
土手,どて,general
土十,意味なし,none
土出,意味なし,none
土女,意味なし,none
土小,意味なし,none
土上,意味なし,none
土森,意味なし,none
土人,どじん,general
土水,どすい,general
土正,意味なし,none
土生,意味なし,none
土青,意味なし,none
土夕,意味なし,none
土石,どせき,general
土赤,意味なし,none
土千,意味なし,none
土川,つちかわ,surname
土先,意味なし,none
土早,意味なし,none
土草,意味なし,none
土足,どそく,general
土村,意味なし,none
土大,意味なし,none
土男,意味なし,none
土竹,意味なし,none
土中,どちゅう,general
土虫,意味なし,none
土町,意味なし,none
土天,意味なし,none
土田,つちだ,surname
土二,意味なし,none
土日,どにち/土曜日曜,general
土入,意味なし,none
土年,意味なし,none
土白,意味なし,none
土八,意味なし,none
土百,意味なし,none
土文,意味なし,none
土木,どぼく,general
土本,意味なし,none
土名,意味なし,none
土目,意味なし,none
土立,意味なし,none
土力,意味なし,none
土林,意味なし,none
土六,意味なし,none
二一,意味なし,none
二右,意味なし,none
二雨,意味なし,none
二円,意味なし,none
二王,意味なし,none
二音,意味なし,none
二下,意味なし,none
二火,意味なし,none
二花,意味なし,none
二貝,意味なし,none
二学,意味なし,none
二気,意味なし,none
二九,意味なし,none
二休,意味なし,none
二玉,意味なし,none
二金,意味なし,none
二空,意味なし,none
二月,にがつ,number
二犬,意味なし,none
二見,意味なし,none
二五,意味なし,none
二口,意味なし,none
二校,意味なし,none
二左,意味なし,none
二三,にさん,number
二山,にやま,surname
二子,意味なし,none
二四,意味なし,none
二糸,意味なし,none
二字,意味なし,none
二耳,意味なし,none
二七,意味なし,none
二車,意味なし,none
二手,意味なし,none
二十,にじゅう,number
二出,意味なし,none
二女,意味なし,none
二小,意味なし,none
二上,意味なし,none
二森,意味なし,none
二人,ふたり,number
二水,意味なし,none
二正,意味なし,none
二生,意味なし,none
二青,意味なし,none
二夕,意味なし,none
二石,意味なし,none
二赤,意味なし,none
二千,にせん,number
二川,にかわ,surname
二先,意味なし,none
二早,意味なし,none
二草,意味なし,none
二足,意味なし,none
二村,にむら,surname
二大,意味なし,none
二男,意味なし,none
二竹,意味なし,none
二中,意味なし,none
二虫,意味なし,none
二町,意味なし,none
二天,意味なし,none
二田,意味なし,none
二土,意味なし,none
二日,ふつか,number
二入,意味なし,none
二年,意味なし,none
二白,意味なし,none
二八,意味なし,none
二百,にひゃく,number
二文,意味なし,none
二木,意味なし,none
二本,にほん,number
二名,意味なし,none
二目,意味なし,none
二立,意味なし,none
二力,意味なし,none
二林,意味なし,none
二六,意味なし,none
日一,意味なし,none
日右,意味なし,none
日雨,意味なし,none
日円,意味なし,none
日王,意味なし,none
日音,意味なし,none
日下,くさか,surname
日火,にちか,general
日花,意味なし,none
日貝,意味なし,none
日学,意味なし,none
日気,意味なし,none
日九,意味なし,none
日休,にちきゅう,general
日玉,意味なし,none
日金,にちきん,general
日空,意味なし,none
日月,じつげつ,general
日犬,意味なし,none
日見,意味なし,none
日五,意味なし,none
日口,意味なし,none
日校,意味なし,none
日左,意味なし,none
日三,意味なし,none
日山,ひやま,surname
日子,意味なし,none
日四,意味なし,none
日糸,意味なし,none
日字,意味なし,none
日耳,意味なし,none
日七,意味なし,none
日車,意味なし,none
日手,意味なし,none
日十,意味なし,none
日出,にっしゅつ,general
日女,意味なし,none
日小,意味なし,none
日上,意味なし,none
日森,意味なし,none
日人,意味なし,none
日水,にっすい,general
日正,意味なし,none
日生,ひなせ,surname
日青,意味なし,none
日夕,意味なし,none
日石,意味なし,none
日赤,意味なし,none
日千,意味なし,none
日川,ひかわ,surname
日先,意味なし,none
日早,意味なし,none
日草,意味なし,none
日足,意味なし,none
日村,ひむら,surname
日大,にちだい,general
日男,意味なし,none
日竹,意味なし,none
日中,にっちゅう,general
日虫,意味なし,none
日町,意味なし,none
日天,にってん,general
日田,ひた,surname
日土,にちど,general
日二,意味なし,none
日入,にちにゅう,general
日年,意味なし,none
日白,意味なし,none
日八,意味なし,none
日百,意味なし,none
日文,意味なし,none
日木,にちもく,general
日本,にほん・にっぽん,general
日名,意味なし,none
日目,意味なし,none
日立,ひたち,surname
日力,意味なし,none
日林,ひばやし,surname
日六,意味なし,none
入一,意味なし,none
入右,意味なし,none
入雨,意味なし,none
入円,意味なし,none
入王,意味なし,none
入音,意味なし,none
入下,意味なし,none
入火,にゅうか,general
入花,意味なし,none
入貝,意味なし,none
入学,にゅうがく,general
入気,意味なし,none
入九,意味なし,none
入休,意味なし,none
入玉,意味なし,none
入金,にゅうきん,general
入空,意味なし,none
入月,意味なし,none
入犬,意味なし,none
入見,意味なし,none
入五,意味なし,none
入口,いりぐち,general
入校,意味なし,none
入左,意味なし,none
入三,意味なし,none
入山,にゅうざん・いりやま,general
入子,意味なし,none
入四,意味なし,none
入糸,意味なし,none
入字,意味なし,none
入耳,意味なし,none
入七,意味なし,none
入車,意味なし,none
入手,にゅうしゅ,general
入十,意味なし,none
入出,にゅうしゅつ,general
入女,意味なし,none
入小,意味なし,none
入上,意味なし,none
入森,意味なし,none
入人,意味なし,none
入水,にゅうすい,general
入正,意味なし,none
入生,意味なし,none
入青,意味なし,none
入夕,意味なし,none
入石,意味なし,none
入赤,意味なし,none
入千,意味なし,none
入川,いりかわ,surname
入先,意味なし,none
入早,意味なし,none
入草,意味なし,none
入足,意味なし,none
入村,意味なし,none
入大,意味なし,none
入男,意味なし,none
入竹,意味なし,none
入中,意味なし,none
入虫,意味なし,none
入町,意味なし,none
入天,意味なし,none
入田,いりた,surname
入土,意味なし,none
入二,意味なし,none
入日,いりひ,general
入年,意味なし,none
入白,意味なし,none
入八,意味なし,none
入百,意味なし,none
入文,意味なし,none
入木,意味なし,none
入本,意味なし,none
入名,意味なし,none
入目,意味なし,none
入立,意味なし,none
入力,にゅうりょく,general
入林,意味なし,none
入六,意味なし,none
年一,意味なし,none
年右,意味なし,none
年雨,意味なし,none
年円,意味なし,none
年王,意味なし,none
年音,意味なし,none
年下,としした,general
年火,意味なし,none
年花,意味なし,none
年貝,意味なし,none
年学,意味なし,none
年気,意味なし,none
年九,意味なし,none
年休,意味なし,none
年玉,意味なし,none
年金,ねんきん,general
年空,意味なし,none
年月,ねんげつ,general
年犬,意味なし,none
年見,意味なし,none
年五,意味なし,none
年口,意味なし,none
年校,意味なし,none
年左,意味なし,none
年三,意味なし,none
年山,としやま,surname
年子,意味なし,none
年四,意味なし,none
年糸,意味なし,none
年字,意味なし,none
年耳,意味なし,none
年七,意味なし,none
年車,意味なし,none
年手,意味なし,none
年十,意味なし,none
年出,意味なし,none
年女,としおんな,general
年小,意味なし,none
年上,としうえ,general
年森,意味なし,none
年人,意味なし,none
年水,意味なし,none
年正,意味なし,none
年生,ねんせい,general
年青,意味なし,none
年夕,意味なし,none
年石,意味なし,none
年赤,意味なし,none
年千,意味なし,none
年川,としかわ,surname
年先,意味なし,none
年早,意味なし,none
年草,意味なし,none
年足,意味なし,none
年村,意味なし,none
年大,としおお,general
年男,としおとこ,general
年竹,意味なし,none
年中,ねんじゅう,general
年虫,意味なし,none
年町,意味なし,none
年天,意味なし,none
年田,としだ,surname
年土,意味なし,none
年二,意味なし,none
年日,ねんじつ,general
年入,意味なし,none
年白,意味なし,none
年八,意味なし,none
年百,意味なし,none
年文,意味なし,none
年木,意味なし,none
年本,意味なし,none
年名,意味なし,none
年目,意味なし,none
年立,意味なし,none
年力,意味なし,none
年林,意味なし,none
年六,意味なし,none
白一,意味なし,none
白右,意味なし,none
白雨,意味なし,none
白円,意味なし,none
白王,意味なし,none
白音,意味なし,none
白下,意味なし,none
白火,しらび,general
白花,意味なし,none
白貝,意味なし,none
白学,意味なし,none
白気,意味なし,none
白九,意味なし,none
白休,意味なし,none
白玉,しらたま,general
白金,はっきん,general
白空,意味なし,none
白月,意味なし,none
白犬,意味なし,none
白見,意味なし,none
白五,意味なし,none
白口,意味なし,none
白校,意味なし,none
白左,意味なし,none
白三,意味なし,none
白山,はくさん,general
白子,意味なし,none
白四,意味なし,none
白糸,しらいと,general
白字,意味なし,none
白耳,意味なし,none
白七,意味なし,none
白車,意味なし,none
白手,意味なし,none
白十,意味なし,none
白出,意味なし,none
白女,意味なし,none
白小,意味なし,none
白上,意味なし,none
白森,意味なし,none
白人,はくじん,general
白水,しろみず,general
白正,意味なし,none
白生,意味なし,none
白青,しろあお,general
白夕,意味なし,none
白石,しらいし,surname
白赤,しろあか,general
白千,意味なし,none
白川,しらかわ,surname
白先,意味なし,none
白早,意味なし,none
白草,意味なし,none
白足,意味なし,none
白村,しらむら,surname
白大,意味なし,none
白男,意味なし,none
白竹,意味なし,none
白中,しらなか,surname
白虫,意味なし,none
白町,意味なし,none
白天,意味なし,none
白田,しらた,surname
白土,意味なし,none
白二,意味なし,none
白日,意味なし,none
白入,意味なし,none
白年,意味なし,none
白八,意味なし,none
白百,意味なし,none
白文,意味なし,none
白木,しらき,surname
白本,意味なし,none
白名,意味なし,none
白目,しろめ,general
白立,意味なし,none
白力,意味なし,none
白林,意味なし,none
白六,意味なし,none
八一,意味なし,none
八右,意味なし,none
八雨,意味なし,none
八円,意味なし,none
八王,意味なし,none
八音,意味なし,none
八下,意味なし,none
八火,意味なし,none
八花,意味なし,none
八貝,意味なし,none
八学,意味なし,none
八気,意味なし,none
八九,はっく,number
八休,意味なし,none
八玉,意味なし,none
八金,意味なし,none
八空,意味なし,none
八月,はちがつ,number
八犬,意味なし,none
八見,意味なし,none
八五,意味なし,none
八口,意味なし,none
八校,意味なし,none
八左,意味なし,none
八三,意味なし,none
八山,やつやま,surname
八子,意味なし,none
八四,意味なし,none
八糸,意味なし,none
八字,意味なし,none
八耳,意味なし,none
八七,意味なし,none
八車,意味なし,none
八手,意味なし,none
八十,はちじゅう,number
八出,意味なし,none
八女,意味なし,none
八小,意味なし,none
八上,意味なし,none
八森,意味なし,none
八人,はちにん,number
八水,意味なし,none
八正,意味なし,none
八生,意味なし,none
八青,意味なし,none
八夕,意味なし,none
八石,意味なし,none
八赤,意味なし,none
八千,はっせん,number
八川,やつかわ,surname
八先,意味なし,none
八早,意味なし,none
八草,意味なし,none
八足,意味なし,none
八村,意味なし,none
八大,意味なし,none
八男,意味なし,none
八竹,意味なし,none
八中,意味なし,none
八虫,意味なし,none
八町,意味なし,none
八天,意味なし,none
八田,はった,surname
八土,意味なし,none
八二,意味なし,none
八日,ようか,number
八入,意味なし,none
八年,意味なし,none
八白,意味なし,none
八百,はっぴゃく,number
八文,意味なし,none
八木,やぎ,surname
八本,はっぽん,number
八名,意味なし,none
八目,意味なし,none
八立,意味なし,none
八力,意味なし,none
八林,意味なし,none
八六,意味なし,none
百一,意味なし,none
百右,意味なし,none
百雨,意味なし,none
百円,ひゃくえん,number
百王,意味なし,none
百音,意味なし,none
百下,意味なし,none
百火,ひゃっか,general
百花,ひゃっか,general
百貝,意味なし,none
百学,意味なし,none
百気,意味なし,none
百九,意味なし,none
百休,意味なし,none
百玉,意味なし,none
百金,ひゃっきん,general
百空,意味なし,none
百月,意味なし,none
百犬,意味なし,none
百見,意味なし,none
百五,意味なし,none
百口,意味なし,none
百校,意味なし,none
百左,意味なし,none
百三,意味なし,none
百山,ももやま,surname
百子,意味なし,none
百四,意味なし,none
百糸,意味なし,none
百字,意味なし,none
百耳,意味なし,none
百七,意味なし,none
百車,意味なし,none
百手,ひゃくて,general
百十,意味なし,none
百出,意味なし,none
百女,意味なし,none
百小,意味なし,none
百上,意味なし,none
百森,意味なし,none
百人,ひゃくにん,number
百水,意味なし,none
百正,意味なし,none
百生,意味なし,none
百青,意味なし,none
百夕,意味なし,none
百石,意味なし,none
百赤,意味なし,none
百千,ひゃくせん・ももち,number
百川,ももかわ,surname
百先,意味なし,none
百早,意味なし,none
百草,ひゃくそう,general
百足,意味なし,none
百村,意味なし,none
百大,意味なし,none
百男,意味なし,none
百竹,意味なし,none
百中,意味なし,none
百虫,意味なし,none
百町,意味なし,none
百天,意味なし,none
百田,ももた,surname
百土,意味なし,none
百二,意味なし,none
百日,ひゃくにち,number
百入,意味なし,none
百年,ひゃくねん,number
百白,意味なし,none
百八,意味なし,none
百文,意味なし,none
百木,意味なし,none
百本,ひゃっぽん,number
百名,意味なし,none
百目,ひゃくめ,general
百立,意味なし,none
百力,意味なし,none
百林,意味なし,none
百六,意味なし,none
文一,意味なし,none
文右,意味なし,none
文雨,意味なし,none
文円,意味なし,none
文王,意味なし,none
文音,意味なし,none
文下,意味なし,none
文火,ぶんか/弱火,general
文花,意味なし,none
文貝,意味なし,none
文学,意味なし,none
文気,意味なし,none
文九,意味なし,none
文休,意味なし,none
文玉,意味なし,none
文金,ぶんきん,general
文空,意味なし,none
文月,意味なし,none
文犬,意味なし,none
文見,意味なし,none
文五,意味なし,none
文口,意味なし,none
文校,意味なし,none
文左,意味なし,none
文三,意味なし,none
文山,ぶんざん,general
文子,意味なし,none
文四,意味なし,none
文糸,意味なし,none
文字,もじ,general
文耳,意味なし,none
文七,意味なし,none
文車,意味なし,none
文手,意味なし,none
文十,意味なし,none
文出,意味なし,none
文女,意味なし,none
文小,意味なし,none
文上,意味なし,none
文森,意味なし,none
文人,ぶんじん,general
文水,意味なし,none
文正,意味なし,none
文生,意味なし,none
文青,意味なし,none
文夕,意味なし,none
文石,意味なし,none
文赤,意味なし,none
文千,意味なし,none
文川,ふみかわ,surname
文先,意味なし,none
文早,意味なし,none
文草,意味なし,none
文足,意味なし,none
文村,意味なし,none
文大,意味なし,none
文男,意味なし,none
文竹,意味なし,none
文中,ぶんちゅう,general
文虫,意味なし,none
文町,意味なし,none
文天,意味なし,none
文田,ふみた,surname
文土,意味なし,none
文二,意味なし,none
文日,意味なし,none
文入,意味なし,none
文年,意味なし,none
文白,意味なし,none
文八,意味なし,none
文百,意味なし,none
文木,意味なし,none
文本,意味なし,none
文名,ぶんめい,general
文目,ふみめ,general
文立,意味なし,none
文力,意味なし,none
文林,意味なし,none
文六,意味なし,none
木一,意味なし,none
木右,意味なし,none
木雨,意味なし,none
木円,意味なし,none
木王,意味なし,none
木音,意味なし,none
木下,きのした,surname
木火,もっか,general
木花,意味なし,none
木貝,意味なし,none
木学,意味なし,none
木気,意味なし,none
木九,意味なし,none
木休,意味なし,none
木玉,意味なし,none
木金,もっきん/木曜金曜,general
木空,きくう,general
木月,意味なし,none
木犬,意味なし,none
木見,意味なし,none
木五,意味なし,none
木口,きぐち,general
木校,意味なし,none
木左,意味なし,none
木三,意味なし,none
木山,きやま,surname
木子,意味なし,none
木四,意味なし,none
木糸,意味なし,none
木字,意味なし,none
木耳,きくらげ,general
木七,意味なし,none
木車,意味なし,none
木手,きて,general
木十,意味なし,none
木出,意味なし,none
木女,意味なし,none
木小,意味なし,none
木上,意味なし,none
木森,意味なし,none
木人,もくじん,general
木水,もくすい,general
木正,意味なし,none
木生,意味なし,none
木青,意味なし,none
木夕,意味なし,none
木石,ぼくせき,general
木赤,意味なし,none
木千,意味なし,none
木川,きかわ,surname
木先,意味なし,none
木早,意味なし,none
木草,意味なし,none
木足,意味なし,none
木村,きむら,surname
木大,意味なし,none
木男,意味なし,none
木竹,意味なし,none
木中,きなか,surname
木虫,意味なし,none
木町,意味なし,none
木天,意味なし,none
木田,きだ,surname
木土,もくど,general
木二,意味なし,none
木日,意味なし,none
木入,意味なし,none
木年,意味なし,none
木白,意味なし,none
木八,意味なし,none
木百,意味なし,none
木文,意味なし,none
木本,きもと,surname
木名,意味なし,none
木目,もくめ・きめ,general
木立,こだち,general
木力,意味なし,none
木林,意味なし,none
木六,意味なし,none
本一,意味なし,none
本右,意味なし,none
本雨,意味なし,none
本円,意味なし,none
本王,意味なし,none
本音,意味なし,none
本下,意味なし,none
本火,ほんか,general
本花,意味なし,none
本貝,意味なし,none
本学,意味なし,none
本気,ほんき,general
本九,意味なし,none
本休,意味なし,none
本玉,意味なし,none
本金,ほんきん,general
本空,意味なし,none
本月,ほんげつ,general
本犬,意味なし,none
本見,意味なし,none
本五,意味なし,none
本口,意味なし,none
本校,意味なし,none
本左,意味なし,none
本三,意味なし,none
本山,ほんざん・もとやま,surname
本子,意味なし,none
本四,意味なし,none
本糸,意味なし,none
本字,意味なし,none
本耳,意味なし,none
本七,意味なし,none
本車,意味なし,none
本手,ほんて,general
本十,意味なし,none
本出,意味なし,none
本女,意味なし,none
本小,意味なし,none
本上,意味なし,none
本森,意味なし,none
本人,ほんにん,general
本水,ほんすい,general
本正,意味なし,none
本生,意味なし,none
本青,意味なし,none
本夕,意味なし,none
本石,もといし,surname
本赤,意味なし,none
本千,意味なし,none
本川,もとかわ,surname
本先,意味なし,none
本早,意味なし,none
本草,意味なし,none
本足,意味なし,none
本村,もとむら,surname
本大,もとおお,general
本男,意味なし,none
本竹,意味なし,none
本中,もとなか,surname
本虫,意味なし,none
本町,意味なし,none
本天,意味なし,none
本田,ほんだ,surname
本土,意味なし,none
本二,意味なし,none
本日,ほんじつ,general
本入,意味なし,none
本年,ほんねん,general
本白,意味なし,none
本八,意味なし,none
本百,意味なし,none
本文,ほんぶん,general
本木,もとき,surname
本名,ほんみょう,general
本目,ほんめ,general
本立,意味なし,none
本力,意味なし,none
本林,もとばやし,surname
本六,意味なし,none
名一,意味なし,none
名右,意味なし,none
名雨,意味なし,none
名円,意味なし,none
名王,意味なし,none
名音,意味なし,none
名下,意味なし,none
名火,めいか,general
名花,めいか,general
名貝,意味なし,none
名学,意味なし,none
名気,意味なし,none
名九,意味なし,none
名休,意味なし,none
名玉,めいぎょく,general
名金,意味なし,none
名空,意味なし,none
名月,めいげつ,general
名犬,めいけん,general
名見,意味なし,none
名五,意味なし,none
名口,意味なし,none
名校,意味なし,none
名左,意味なし,none
名三,意味なし,none
名山,めいざん,general
名子,意味なし,none
名四,意味なし,none
名糸,意味なし,none
名字,みょうじ,general
名耳,意味なし,none
名七,意味なし,none
名車,意味なし,none
名手,めいしゅ,general
名十,意味なし,none
名出,意味なし,none
名女,意味なし,none
名小,意味なし,none
名上,意味なし,none
名森,意味なし,none
名人,めいじん,general
名水,めいすい,general
名正,意味なし,none
名生,意味なし,none
名青,意味なし,none
名夕,意味なし,none
名石,めいせき,general
名赤,意味なし,none
名千,意味なし,none
名川,なかわ,surname
名先,意味なし,none
名早,意味なし,none
名草,なぐさ,general
名足,意味なし,none
名村,意味なし,none
名大,意味なし,none
名男,意味なし,none
名竹,意味なし,none
名中,意味なし,none
名虫,意味なし,none
名町,意味なし,none
名天,意味なし,none
名田,なだ,surname
名土,意味なし,none
名二,意味なし,none
名日,意味なし,none
名入,意味なし,none
名年,意味なし,none
名白,意味なし,none
名八,意味なし,none
名百,意味なし,none
名文,めいぶん,general
名木,めいぼく,general
名本,意味なし,none
名目,めいもく,general
名立,意味なし,none
名力,意味なし,none
名林,意味なし,none
名六,意味なし,none
目一,意味なし,none
目右,意味なし,none
目雨,意味なし,none
目円,意味なし,none
目王,意味なし,none
目音,意味なし,none
目下,めした,general
目火,意味なし,none
目花,意味なし,none
目貝,意味なし,none
目学,意味なし,none
目気,意味なし,none
目九,意味なし,none
目休,意味なし,none
目玉,めだま,general
目金,めがね,general
目空,意味なし,none
目月,意味なし,none
目犬,意味なし,none
目見,意味なし,none
目五,意味なし,none
目口,意味なし,none
目校,意味なし,none
目左,意味なし,none
目三,意味なし,none
目山,めやま,surname
目子,意味なし,none
目四,意味なし,none
目糸,意味なし,none
目字,意味なし,none
目耳,意味なし,none
目七,意味なし,none
目車,意味なし,none
目手,意味なし,none
目十,意味なし,none
目出,めで,general
目女,意味なし,none
目小,意味なし,none
目上,めうえ,general
目森,意味なし,none
目人,意味なし,none
目水,意味なし,none
目正,意味なし,none
目生,意味なし,none
目青,意味なし,none
目夕,意味なし,none
目石,意味なし,none
目赤,意味なし,none
目千,意味なし,none
目川,めかわ,surname
目先,めさき,general
目早,意味なし,none
目草,意味なし,none
目足,意味なし,none
目村,意味なし,none
目大,意味なし,none
目男,意味なし,none
目竹,意味なし,none
目中,意味なし,none
目虫,意味なし,none
目町,意味なし,none
目天,意味なし,none
目田,めだ,surname
目土,意味なし,none
目二,意味なし,none
目日,意味なし,none
目入,意味なし,none
目年,意味なし,none
目白,めじろ/鳥,general
目八,意味なし,none
目百,意味なし,none
目文,意味なし,none
目木,意味なし,none
目本,意味なし,none
目名,意味なし,none
目立,めだつ,general
目力,めぢから,general
目林,意味なし,none
目六,意味なし,none
立一,意味なし,none
立右,意味なし,none
立雨,意味なし,none
立円,意味なし,none
立王,りつおう,general
立音,意味なし,none
立下,意味なし,none
立火,たちび,general
立花,たちばな,surname
立貝,意味なし,none
立学,意味なし,none
立気,意味なし,none
立九,意味なし,none
立休,意味なし,none
立玉,意味なし,none
立金,たてきん,general
立空,意味なし,none
立月,意味なし,none
立犬,意味なし,none
立見,意味なし,none
立五,意味なし,none
立口,意味なし,none
立校,意味なし,none
立左,意味なし,none
立三,意味なし,none
立山,たてやま,general
立子,意味なし,none
立四,意味なし,none
立糸,意味なし,none
立字,意味なし,none
立耳,意味なし,none
立七,意味なし,none
立車,意味なし,none
立手,意味なし,none
立十,意味なし,none
立出,意味なし,none
立女,意味なし,none
立小,意味なし,none
立上,意味なし,none
立森,意味なし,none
立人,りつじん,general
立水,たちみず,general
立正,意味なし,none
立生,意味なし,none
立青,意味なし,none
立夕,意味なし,none
立石,たていし,surname
立赤,意味なし,none
立千,意味なし,none
立川,たちかわ,surname
立先,意味なし,none
立早,意味なし,none
立草,たちくさ,general
立足,意味なし,none
立村,意味なし,none
立大,意味なし,none
立男,意味なし,none
立竹,たちたけ,general
立中,意味なし,none
立虫,意味なし,none
立町,意味なし,none
立天,意味なし,none
立田,たつた,surname
立土,意味なし,none
立二,意味なし,none
立日,意味なし,none
立入,たちいり,general
立年,意味なし,none
立白,意味なし,none
立八,意味なし,none
立百,意味なし,none
立文,意味なし,none
立木,たちき,general
立本,意味なし,none
立名,意味なし,none
立目,意味なし,none
立力,意味なし,none
立林,意味なし,none
立六,意味なし,none
力一,意味なし,none
力右,意味なし,none
力雨,意味なし,none
力円,意味なし,none
力王,意味なし,none
力音,意味なし,none
力下,意味なし,none
力火,りきか,general
力花,意味なし,none
力貝,意味なし,none
力学,りきがく,general
力気,意味なし,none
力九,意味なし,none
力休,意味なし,none
力玉,意味なし,none
力金,りききん,general
力空,意味なし,none
力月,意味なし,none
力犬,意味なし,none
力見,意味なし,none
力五,意味なし,none
力口,意味なし,none
力校,意味なし,none
力左,意味なし,none
力三,意味なし,none
力山,りきざん,general
力子,意味なし,none
力四,意味なし,none
力糸,意味なし,none
力字,意味なし,none
力耳,意味なし,none
力七,意味なし,none
力車,意味なし,none
力手,ちからて,general
力十,意味なし,none
力出,意味なし,none
力女,意味なし,none
力小,意味なし,none
力上,意味なし,none
力森,意味なし,none
力人,りきじん,general
力水,りきすい,general
力正,意味なし,none
力生,意味なし,none
力青,意味なし,none
力夕,意味なし,none
力石,りきいし,general
力赤,意味なし,none
力千,意味なし,none
力川,りきかわ,surname
力先,意味なし,none
力早,意味なし,none
力草,意味なし,none
力足,ちからあし,general
力村,意味なし,none
力大,意味なし,none
力男,意味なし,none
力竹,意味なし,none
力中,意味なし,none
力虫,意味なし,none
力町,意味なし,none
力天,意味なし,none
力田,りきた,surname
力土,意味なし,none
力二,意味なし,none
力日,意味なし,none
力入,意味なし,none
力年,意味なし,none
力白,意味なし,none
力八,意味なし,none
力百,意味なし,none
力文,意味なし,none
力木,意味なし,none
力本,意味なし,none
力名,意味なし,none
力目,意味なし,none
力立,意味なし,none
力林,意味なし,none
力六,意味なし,none
林一,意味なし,none
林右,意味なし,none
林雨,意味なし,none
林円,意味なし,none
林王,意味なし,none
林音,意味なし,none
林下,意味なし,none
林火,りんか,general
林花,意味なし,none
林貝,意味なし,none
林学,意味なし,none
林気,意味なし,none
林九,意味なし,none
林休,意味なし,none
林玉,意味なし,none
林金,はやしかね,surname
林空,意味なし,none
林月,意味なし,none
林犬,意味なし,none
林見,意味なし,none
林五,意味なし,none
林口,意味なし,none
林校,意味なし,none
林左,意味なし,none
林三,意味なし,none
林山,はやしやま,surname
林子,意味なし,none
林四,意味なし,none
林糸,意味なし,none
林字,意味なし,none
林耳,意味なし,none
林七,意味なし,none
林車,意味なし,none
林手,意味なし,none
林十,意味なし,none
林出,意味なし,none
林女,意味なし,none
林小,意味なし,none
林上,意味なし,none
林森,意味なし,none
林人,意味なし,none
林水,意味なし,none
林正,意味なし,none
林生,意味なし,none
林青,意味なし,none
林夕,意味なし,none
林石,はやしいし,surname
林赤,意味なし,none
林千,意味なし,none
林川,はやしかわ,surname
林先,意味なし,none
林早,意味なし,none
林草,意味なし,none
林足,意味なし,none
林村,はやしむら,surname
林大,意味なし,none
林男,意味なし,none
林竹,意味なし,none
林中,りんちゅう,general
林虫,意味なし,none
林町,意味なし,none
林天,意味なし,none
林田,はやしだ,surname
林土,意味なし,none
林二,意味なし,none
林日,はやしひ,surname
林入,意味なし,none
林年,意味なし,none
林白,意味なし,none
林八,意味なし,none
林百,意味なし,none
林文,意味なし,none
林木,意味なし,none
林本,はやしもと,surname
林名,意味なし,none
林目,意味なし,none
林立,りんりつ,general
林力,意味なし,none
林六,意味なし,none
六一,意味なし,none
六右,意味なし,none
六雨,意味なし,none
六円,意味なし,none
六王,意味なし,none
六音,意味なし,none
六下,意味なし,none
六火,意味なし,none
六花,意味なし,none
六貝,意味なし,none
六学,意味なし,none
六気,意味なし,none
六九,意味なし,none
六休,意味なし,none
六玉,意味なし,none
六金,意味なし,none
六空,意味なし,none
六月,ろくがつ,number
六犬,意味なし,none
六見,意味なし,none
六五,意味なし,none
六口,意味なし,none
六校,意味なし,none
六左,意味なし,none
六三,意味なし,none
六山,意味なし,none
六子,意味なし,none
六四,意味なし,none
六糸,意味なし,none
六字,意味なし,none
六耳,意味なし,none
六七,ろくしち,number
六車,意味なし,none
六手,意味なし,none
六十,ろくじゅう,number
六出,意味なし,none
六女,意味なし,none
六小,意味なし,none
六上,意味なし,none
六森,意味なし,none
六人,ろくにん,number
六水,意味なし,none
六正,意味なし,none
六生,意味なし,none
六青,意味なし,none
六夕,意味なし,none
六石,意味なし,none
六赤,意味なし,none
六千,ろくせん,number
六川,意味なし,none
六先,意味なし,none
六早,意味なし,none
六草,意味なし,none
六足,意味なし,none
六村,意味なし,none
六大,意味なし,none
六男,意味なし,none
六竹,意味なし,none
六中,意味なし,none
六虫,意味なし,none
六町,意味なし,none
六天,意味なし,none
六田,意味なし,none
六土,意味なし,none
六二,意味なし,none
六日,むいか,number
六入,意味なし,none
六年,意味なし,none
六白,意味なし,none
六八,意味なし,none
六百,ろっぴゃく,number
六文,意味なし,none
六木,意味なし,none
六本,ろっぽん,number
六名,意味なし,none
六目,意味なし,none
六立,意味なし,none
六力,意味なし,none
六林,意味なし,none
